,Date,is_profitable,close-low,close-high,SMA-close,EMA-close,EMA_diff,SMA_diff,pos_emo,neg_emo,top_influencer_emotion
0,2017-01-01,PROFITABLE,39.63,-4.75,-55.27800000000013,-59.36013849362155,13.191141887471415,13.378999999999904,624.24,123.98,0
1,2017-01-02,PROFITABLE,25.049999999999955,-9.6400000000001,-68.72100000000012,-67.72920422205402,15.050934271567485,9.976999999999975,342.1,124.15,0
2,2017-01-03,PROFITABLE,22.239999999999892,-0.2400000000000091,-76.30899999999997,-73.48843981804418,16.330764404009756,14.502000000000066,301.48,63.28,0
3,2017-01-04,UNPROFITABLE,110.32999999999991,-4.690000000000055,-161.34399999999994,-150.85508712385445,33.52335269418984,25.85500000000013,338.52,87.8,0
4,2017-01-05,UNPROFITABLE,102.96000000000004,-177.7199999999999,-9.41700000000003,-7.776889464971873,1.72819765888255,10.576999999999884,469.63,229.44,0
5,2017-01-06,UNPROFITABLE,18.25999999999999,-144.6099999999999,98.663,84.60254498320478,-18.800565551823297,-3.099999999999909,431.62,133.88,0
6,2017-01-07,UNPROFITABLE,85.03000000000009,0.0,85.53999999999985,63.99208225898576,-14.220462724219033,-6.733000000000175,481.16,105.27,0
7,2017-01-08,UNPROFITABLE,23.950000000000045,-31.519999999999985,76.69999999999993,50.22170366644286,-11.160378592542884,-6.2299999999999045,141.93,60.07,0
8,2017-01-09,UNPROFITABLE,23.020000000000092,-10.860000000000014,79.22899999999993,47.938666636180415,-10.653037030262452,-5.841000000000008,380.41,104.61,0
9,2017-01-10,UNPROFITABLE,6.6200000000000045,-7.190000000000055,68.77300000000014,35.25436361142033,-7.834303024760175,-5.605999999999881,528.12,83.78,0
10,2017-01-11,PROFITABLE,14.990000000000007,-141.69000000000003,176.63600000000008,135.14266113661654,-30.03170247480375,-22.057000000000016,702.5799999999999,227.33,0
11,2017-01-12,PROFITABLE,49.07000000000005,-21.41999999999996,127.87400000000002,88.42308638450436,-19.64957475211213,-21.692000000000007,524.01,120.8,0
12,2017-01-13,UNPROFITABLE,43.98000000000002,-5.019999999999982,86.73800000000006,56.67797976913994,-12.595106615364443,-21.98599999999999,384.38,83.92999999999999,0
13,2017-01-14,UNPROFITABLE,5.949999999999932,-16.680000000000064,58.676000000000045,50.930165265659866,-11.317814503480122,-33.63200000000006,406.55,77.33,0
14,2017-01-15,UNPROFITABLE,8.92999999999995,-1.509999999999991,36.12800000000016,38.8964988537216,-8.643666411938284,-19.1579999999999,311.49,92.81,0
15,2017-01-16,PROFITABLE,11.259999999999993,-3.0,19.33100000000013,23.863499062135816,-5.302999791585762,-7.067000000000007,594.63,52.07,0
16,2017-01-17,UNPROFITABLE,77.1400000000001,-2.619999999999891,-57.14400000000012,-42.99259167643447,9.553909261429794,-0.0650000000001682,208.39,42.8,0
17,2017-01-18,UNPROFITABLE,28.32000000000005,-30.879999999999995,-38.281999999999925,-17.732120462537296,3.9404712138971263,-2.4579999999998563,161.0,43.75,0
18,2017-01-19,UNPROFITABLE,14.730000000000018,-5.539999999999964,-51.10799999999995,-24.694462196621544,5.4876582659157975,-0.3759999999999763,282.06,133.88,0
19,2017-01-20,PROFITABLE,8.019999999999982,-4.3700000000000045,-48.33300000000008,-16.899105433599402,3.755356763022064,-1.2650000000002135,184.68,38.45,0
20,2017-01-21,UNPROFITABLE,26.25999999999999,-5.580000000000041,-60.68999999999994,-35.72108626385409,7.938019169745303,14.403000000000134,280.31,34.97,0
21,2017-01-22,UNPROFITABLE,27.110000000000014,-12.860000000000014,-51.5859999999999,-31.582706943153426,7.01837932070066,11.984000000000036,115.84,2.33,0
22,2017-01-23,UNPROFITABLE,4.269999999999982,-7.259999999999991,-38.22299999999996,-22.845851135307385,5.076855807846073,9.702999999999976,154.74,19.84,0
23,2017-01-24,UNPROFITABLE,0.4000000000000909,-31.459999999999923,-2.4750000000001364,4.4788490711121085,-0.9952997935804432,7.427999999999884,367.78,55.0,0
24,2017-01-25,UNPROFITABLE,9.849999999999907,-1.7100000000000364,-3.350999999999999,-3.576396214544616,0.7947547143431848,7.974000000000046,244.59,62.73,0
25,2017-01-26,UNPROFITABLE,15.370000000000005,-1.740000000000009,-10.795000000000186,-16.057960539172996,3.5684356753716884,8.60599999999988,454.76,206.32,0
26,2017-01-27,UNPROFITABLE,3.899999999999977,-3.4700000000000277,-11.774,-14.905604077505131,3.3123564616678323,1.1810000000001537,178.11,33.96,0
27,2017-01-28,UNPROFITABLE,1.7800000000000864,-2.3199999999999363,-10.117000000000075,-13.700948790686084,3.0446552868190797,3.4969999999999573,193.19,61.32,0
28,2017-01-29,UNPROFITABLE,0.3500000000000227,-3.919999999999959,-5.984000000000037,-9.499867192379496,2.111081598306555,2.0430000000000064,164.1,42.31,0
29,2017-01-30,PROFITABLE,0.9099999999999682,-2.669999999999959,-4.328999999999951,-8.49261861194691,1.8872485804325836,2.535000000000082,115.37,14.89,0
30,2017-01-31,UNPROFITABLE,49.43999999999994,-1.6200000000000043,-49.488000000000056,-47.87396068250212,10.638657929444776,4.860999999999876,160.35,52.6,0
31,2017-02-01,PROFITABLE,18.279999999999973,-0.0900000000000318,-61.673,-54.40414964932006,12.08981103318206,6.435000000000059,398.97,60.44,0
32,2017-02-02,UNPROFITABLE,28.579999999999927,-1.7200000000000273,-75.37399999999991,-63.15066789489822,14.033481754421814,9.079000000000065,361.25,162.33,0
33,2017-02-03,UNPROFITABLE,21.12000000000012,-3.959999999999809,-79.76199999999994,-66.48600100491694,14.774666889981404,13.722000000000094,171.25,49.35,0
34,2017-02-04,UNPROFITABLE,27.740000000000123,-3.0,-78.6160000000001,-65.02581900402299,14.45018200089396,14.135999999999854,117.9,6.77,0
35,2017-02-05,UNPROFITABLE,4.969999999999914,-16.29000000000019,-52.080999999999904,-40.47203373056425,8.99378527345857,10.975000000000025,147.14,41.59,0
36,2017-02-06,PROFITABLE,9.990000000000007,-6.490000000000009,-51.05100000000016,-41.9580275977346,9.324006132829822,11.839999999999918,161.65,18.78,0
37,2017-02-07,UNPROFITABLE,21.20999999999981,-0.5800000000001546,-60.27499999999986,-53.3111134890554,11.846914108679016,13.976000000000113,266.03,84.6,0
38,2017-02-08,UNPROFITABLE,25.579999999999927,-15.900000000000093,-47.63799999999992,-45.02545649104548,10.005656998009954,14.356999999999973,228.06,34.81,0
39,2017-02-09,UNPROFITABLE,41.03999999999997,-94.61,28.452,19.36189923459904,-4.30264427435543,7.399999999999977,192.84,17.07,0
40,2017-02-10,UNPROFITABLE,41.97999999999991,-10.240000000000007,35.989000000000146,20.513372101035543,-4.55852713356353,1.827000000000112,201.61,42.22,0
41,2017-02-11,UNPROFITABLE,21.620000000000005,-4.839999999999918,21.751999999999956,3.8727589917562,-0.8606131092792566,1.542999999999893,298.75,14.79,0
42,2017-02-12,UNPROFITABLE,2.259999999999991,-5.580000000000041,25.760000000000105,7.480439175073229,-1.6623198166830662,-1.2619999999999436,54.13,21.59,0
43,2017-02-13,UNPROFITABLE,14.639999999999986,-11.460000000000036,30.372999999999934,13.10763205233252,-2.912807122740673,-3.927000000000135,123.93,17.86,0
44,2017-02-14,UNPROFITABLE,18.079999999999927,-6.960000000000036,12.627999999999927,-0.6564828662734499,0.1458850813939989,-3.835000000000037,169.69,142.25,0
45,2017-02-15,UNPROFITABLE,5.899999999999977,-1.3600000000000136,7.711999999999989,-2.9343950724055503,0.6520877938679632,-1.9859999999998763,527.61,29.35,0
46,2017-02-16,UNPROFITABLE,19.79000000000008,-5.929999999999836,-13.319000000000187,-18.731777786513703,4.162617285891884,-1.07100000000014,201.45,22.15,0
47,2017-02-17,UNPROFITABLE,20.569999999999936,-6.960000000000036,-33.603000000000065,-30.68327273442037,6.818505052093315,-1.5139999999998963,256.88,5.45,0
48,2017-02-18,UNPROFITABLE,7.460000000000036,-6.679999999999836,-42.67800000000011,-31.821768600889413,7.071504133530993,-0.8650000000000091,326.5,105.84,0
49,2017-02-19,PROFITABLE,4.409999999999855,-8.940000000000055,-30.778999999999883,-20.676901582545725,4.594867018343507,5.349000000000046,141.26,74.66,0
50,2017-02-20,PROFITABLE,38.28999999999997,-0.5099999999999909,-53.75799999999981,-43.18928311299214,9.597618469553709,9.1310000000002,218.35,53.12,0
51,2017-02-21,UNPROFITABLE,38.36999999999989,-1.9500000000000453,-77.99299999999994,-64.2348680015391,14.27441511145298,11.084999999999807,152.7,49.56,0
52,2017-02-22,PROFITABLE,16.8900000000001,-7.950000000000045,-68.30700000000002,-54.306710183077485,12.068157818461714,11.826000000000022,422.93,81.44,0
53,2017-02-23,UNPROFITABLE,49.75999999999999,-9.899999999999864,-99.97900000000004,-84.75276287706333,18.833947306014124,17.607999999999947,216.42,142.84,0
54,2017-02-24,UNPROFITABLE,41.72000000000003,-26.71000000000004,-90.02600000000007,-75.03771508123373,16.67504779582964,16.91300000000001,180.3,53.71,0
55,2017-02-25,UNPROFITABLE,19.25,-31.00999999999999,-46.54999999999996,-36.97994870282764,8.21776637840594,13.635999999999967,163.85,55.36,0
56,2017-02-26,UNPROFITABLE,35.0,-2.269999999999982,-54.134000000000015,-47.73268530231371,10.607263400514055,13.776000000000067,193.61,41.31,0
57,2017-02-27,UNPROFITABLE,16.589999999999918,-2.009999999999991,-55.52800000000002,-51.13856070189309,11.36412460042061,13.375999999999976,486.84,212.83,0
58,2017-02-28,PROFITABLE,8.150000000000091,-13.279999999999973,-42.97300000000018,-41.84064057427622,9.297920127616862,12.554999999999836,257.9,119.3,0
59,2017-03-01,PROFITABLE,42.809999999999945,0.0,-68.04000000000019,-69.03052410622604,15.340116468050155,17.462999999999965,259.03,104.35,0
60,2017-03-02,UNPROFITABLE,35.3900000000001,-11.120000000000118,-79.44700000000012,-79.80588335963967,17.734640746586365,17.103000000000065,260.71,86.98,0
61,2017-03-03,UNPROFITABLE,24.279999999999973,-5.319999999999936,-87.45800000000008,-84.91572274879627,18.870160610843413,15.969000000000053,687.61,207.65,0
62,2017-03-04,UNPROFITABLE,24.6400000000001,-24.25,-53.84699999999998,-53.24377315810625,11.8319495906901,13.771000000000186,305.49,58.94,0
63,2017-03-05,UNPROFITABLE,29.059999999999945,-0.1700000000000727,-55.776999999999816,-53.356723492996025,11.857049665110026,10.039999999999964,353.22,109.55,0
64,2017-03-06,UNPROFITABLE,8.230000000000018,-3.1700000000000728,-51.57199999999989,-48.32731922154221,10.73940427145385,9.914999999999964,310.59,88.72,0
65,2017-03-07,UNPROFITABLE,18.74000000000001,-52.00999999999999,5.688000000000102,0.7876479096471485,-0.1750328688106037,7.970000000000027,354.8,151.08,0
66,2017-03-08,PROFITABLE,1.9200000000000728,-82.16000000000008,77.70800000000008,60.81353010789303,-13.514117801754082,-1.5199999999999818,597.56,225.39,0
67,2017-03-09,UNPROFITABLE,47.25999999999999,-8.970000000000027,40.069999999999936,18.26470645191239,-4.058823655980632,0.8519999999998618,389.94,140.09,0
68,2017-03-10,PROFITABLE,39.47000000000003,-153.75,105.5150000000001,73.66475982429188,-16.369946627620493,-6.324999999999818,431.08,359.45,0
69,2017-03-11,PROFITABLE,59.50999999999999,-18.0,41.738000000000056,11.908439856238829,-2.646319968053149,-4.667000000000144,474.01,87.42,0
70,2017-03-12,UNPROFITABLE,46.02000000000021,-5.599999999999909,-6.775000000000091,-27.524912844895653,6.116647298865701,-2.962999999999965,554.47,292.05,0
71,2017-03-13,UNPROFITABLE,14.8900000000001,-5.449999999999818,-21.621999999999844,-31.14401960036912,6.920893244526496,-4.306999999999789,955.52,398.94,-1
72,2017-03-14,UNPROFITABLE,19.279999999999973,-4.809999999999945,-31.2170000000001,-32.0923796730292,7.131639927339847,-1.5150000000003274,710.24,187.24,1
73,2017-03-15,UNPROFITABLE,9.8599999999999,-2.0,-42.577999999999975,-34.120128823387404,7.582250849641696,-1.7509999999999764,372.11,204.71,-1
74,2017-03-16,UNPROFITABLE,35.36999999999989,-70.17000000000007,10.720000000000027,22.64716732631928,-5.032703850293274,-8.501999999999953,1534.93,580.99,-1
75,2017-03-17,UNPROFITABLE,0.6600000000000819,-79.93000000000006,85.96900000000005,90.18586417607936,-20.04130315023985,-12.330999999999904,394.91,226.78,1
76,2017-03-18,PROFITABLE,16.160000000000082,-140.2499999999999,194.76099999999985,177.2147979622467,-39.38106621383258,-17.618000000000166,278.24,236.26,-1
77,2017-03-19,UNPROFITABLE,60.00999999999999,-33.17000000000007,116.66599999999994,93.5139256054747,-20.78087235677208,-15.174999999999956,767.45,190.44,1
78,2017-03-20,PROFITABLE,17.549999999999955,-8.799999999999955,92.92699999999992,62.2013936772064,-13.82253192826829,-6.249000000000024,868.0799999999999,197.42,1
79,2017-03-21,UNPROFITABLE,65.18000000000006,-1.8900000000001,21.088000000000196,-3.3615869913767256,0.7470193314168228,-5.528999999999769,751.56,224.44,1
80,2017-03-22,UNPROFITABLE,34.930000000000064,-71.50999999999999,75.2639999999999,55.66779246160081,-12.370620547022328,-17.22400000000016,826.82,159.04,1
81,2017-03-23,UNPROFITABLE,9.659999999999854,-19.420000000000076,66.481,54.178193832218994,-12.039598629382,-19.333000000000084,1096.51,268.43,-1
82,2017-03-24,PROFITABLE,3.159999999999968,-102.95000000000005,137.30299999999988,127.02124949908809,-28.22694433313086,-30.248000000000047,919.33,206.62,-1
83,2017-03-25,UNPROFITABLE,69.06999999999994,-2.980000000000018,74.3599999999999,75.0773859537992,-16.683863545288887,-27.682999999999996,738.41,287.29,-1
84,2017-03-26,PROFITABLE,12.529999999999973,-41.24000000000001,58.31100000000015,66.38513396219923,-14.752251991599906,-22.108999999999696,562.8,220.34,1
85,2017-03-27,UNPROFITABLE,73.78999999999996,-0.6300000000001091,-26.185000000000173,-10.362163121837057,2.302702915963664,-5.446000000000367,446.97,272.61,-1
86,2017-03-28,UNPROFITABLE,19.420000000000076,-17.5,-20.23199999999997,-9.607224372412247,2.1349387494249186,7.333000000000311,974.26,423.25,1
87,2017-03-29,UNPROFITABLE,24.090000000000032,-15.160000000000082,-12.729000000000042,-1.9859108501555056,0.4413135222566779,0.3229999999998654,484.19,250.07,-1
88,2017-03-30,PROFITABLE,6.3900000000001,-22.8599999999999,-1.969000000000051,9.453345668054451,-2.100743481790005,-2.7799999999999727,1105.27,339.92,1
89,2017-03-31,UNPROFITABLE,45.14999999999986,-3.130000000000109,-52.20399999999995,-29.378171726137225,6.528482605808222,-4.875,1033.41,214.67,-1
90,2017-04-01,PROFITABLE,19.41000000000008,-11.220000000000027,-57.77799999999991,-31.163049594112408,6.925122132024853,3.136000000000081,428.53,152.35,1
91,2017-04-02,PROFITABLE,26.720000000000027,-5.419999999999845,-73.09000000000015,-43.22704057700116,9.60600901711132,6.357999999999834,572.23,279.65,-1
92,2017-04-03,UNPROFITABLE,40.8599999999999,-7.930000000000064,-94.10099999999989,-69.43666956300103,15.430371014000002,20.629000000000133,1146.71,328.71,1
93,2017-04-04,UNPROFITABLE,12.730000000000018,-23.19000000000005,-67.49399999999991,-48.17182055154649,10.704849011454598,16.047000000000025,1057.97,177.47,1
94,2017-04-05,PROFITABLE,11.149999999999864,-10.309999999999944,-43.21800000000008,-32.48330772399254,7.218512827553923,15.805999999999813,782.0699999999999,157.82999999999998,1
95,2017-04-06,UNPROFITABLE,56.87000000000012,-5.689999999999827,-87.42700000000013,-73.94997904690308,16.43332867708955,13.691000000000033,984.57,375.39,1
96,2017-04-07,UNPROFITABLE,13.509999999999993,-9.679999999999836,-68.67200000000025,-55.77543740201168,12.394541644891431,12.974999999999907,364.35,202.76,1
97,2017-04-08,UNPROFITABLE,13.370000000000118,-9.029999999999973,-54.12400000000002,-44.85717605619152,9.96826134582011,13.598000000000184,330.85,311.59,1
98,2017-04-09,UNPROFITABLE,16.00999999999999,-9.340000000000146,-49.89999999999986,-46.454053136883886,10.32312291930748,16.144000000000005,451.34,81.38,0
99,2017-04-10,UNPROFITABLE,8.090000000000146,-3.209999999999809,-37.62600000000021,-37.402407111996126,8.311646024887978,11.533999999999878,435.95,105.65,1
100,2017-04-11,UNPROFITABLE,17.549999999999955,-3.059999999999945,-43.05499999999984,-45.23106036436048,10.051346747635534,12.45100000000025,804.83,158.86,1
101,2017-04-12,UNPROFITABLE,3.6099999999999,-6.770000000000209,-28.5949999999998,-33.21086757084049,7.380192793519882,9.819999999999936,853.54,323.18,1
102,2017-04-13,UNPROFITABLE,12.839999999999918,-36.61000000000013,5.041999999999916,-1.7352552852332792,0.3856122856072943,2.546999999999798,870.0600000000001,208.95,1
103,2017-04-14,UNPROFITABLE,7.75,-23.25999999999999,10.211000000000013,0.0038820393544938,-0.000862675412236,3.4290000000000878,688.64,343.39,-1
104,2017-04-15,UNPROFITABLE,7.559999999999945,-15.480000000000018,10.00500000000011,-4.071369240528156,0.904748720117368,4.774000000000115,737.27,206.74,1
105,2017-04-16,UNPROFITABLE,10.330000000000156,-4.279999999999973,-0.3890000000001237,-11.856574833159584,2.634794407368645,0.0259999999998399,1094.33,383.79,1
106,2017-04-17,UNPROFITABLE,21.25999999999999,-0.9900000000000092,-9.65800000000013,-18.676288499857947,4.150286333301665,1.7010000000000218,806.81,141.76,1
107,2017-04-18,UNPROFITABLE,17.90000000000009,-5.899999999999864,-23.846000000000004,-29.811508772611205,6.624779727246732,3.5720000000001164,899.0699999999999,360.38,-1
108,2017-04-19,UNPROFITABLE,5.210000000000036,-5.220000000000027,-20.223999999999933,-23.26214354122726,5.169365231383836,2.241999999999962,1272.88,396.83,1
109,2017-04-20,UNPROFITABLE,20.669999999999845,-11.710000000000036,-34.81899999999996,-34.40629926100428,7.645844280222946,4.194999999999936,965.71,269.11,-1
110,2017-04-21,UNPROFITABLE,6.490000000000009,-13.8900000000001,-26.08500000000004,-22.39879030445809,4.977508956546217,1.7039999999999509,976.34,191.03,1
111,2017-04-22,UNPROFITABLE,23.24000000000001,-3.849999999999909,-32.611000000000104,-26.229919340011293,5.828870964446878,3.1340000000000146,603.88,111.8,-1
112,2017-04-23,PROFITABLE,3.269999999999982,-24.99000000000001,-4.317999999999984,-1.415388550918351,0.3145307890929416,3.79300000000012,729.05,216.09,1
113,2017-04-24,UNPROFITABLE,40.51999999999998,-0.7899999999999636,-38.9970000000003,-36.29077245075155,8.064616100166859,8.26099999999974,743.73,248.82,1
114,2017-04-25,UNPROFITABLE,15.519999999999982,-2.089999999999918,-45.03999999999997,-42.24335927788775,9.387413172863717,9.297000000000253,610.87,296.49,1
115,2017-04-26,PROFITABLE,15.149999999999864,-13.75,-50.81600000000003,-47.31820304554458,10.515156232343088,9.81399999999985,538.0,277.92,1
116,2017-04-27,UNPROFITABLE,36.430000000000064,-1.9700000000000275,-75.08399999999983,-68.70125703726399,15.266946008280684,12.38200000000029,716.3199999999999,167.53,-1
117,2017-04-28,UNPROFITABLE,24.110000000000127,-14.799999999999956,-63.35300000000007,-55.18739212139781,12.26386491586618,10.480999999999767,489.47,154.6,-1
118,2017-04-29,UNPROFITABLE,6.579999999999927,-5.410000000000082,-57.51299999999992,-49.49786628114384,10.99952584025391,11.150000000000093,1127.35,269.35,1
119,2017-04-30,PROFITABLE,32.97000000000003,-0.0199999999999818,-71.7320000000002,-61.852799684572574,13.745066596571403,11.880999999999858,1276.84,434.1,-1
120,2017-05-01,PROFITABLE,73.29999999999995,-12.720000000000027,-125.48699999999984,-110.91501792374106,24.64778176083132,19.955000000000155,1383.82,574.56,-1
121,2017-05-02,PROFITABLE,37.12999999999988,-21.080000000000155,-134.596,-116.29228739215182,25.842730531589268,22.11099999999988,1448.0,455.85,1
122,2017-05-03,PROFITABLE,42.59999999999991,-2.680000000000064,-143.57799999999975,-125.64187150266956,27.92041588948223,28.28800000000024,1347.07,287.56,1
123,2017-05-04,UNPROFITABLE,46.950000000000045,-71.24000000000001,-162.40599999999995,-141.72698577491155,31.494885727758174,28.751999999999956,1104.9,360.45,1
124,2017-05-05,UNPROFITABLE,25.1400000000001,-62.57999999999993,-151.19000000000003,-130.50571563401877,29.00127014089276,28.995999999999867,1188.08,377.34,1
125,2017-05-06,UNPROFITABLE,36.29999999999996,0.0,-144.7679999999998,-125.8819491551062,27.973766478912463,29.77200000000016,536.25,302.15,-1
126,2017-05-07,PROFITABLE,36.950000000000045,-0.0099999999999909,-134.7800000000002,-117.64795839963269,26.143990755473624,27.897999999999683,832.3,435.93,1
127,2017-05-08,UNPROFITABLE,126.42999999999984,0.0,-220.73299999999995,-199.87196596333592,44.41599243629662,40.687000000000126,2144.66,800.82,-1
128,2017-05-09,UNPROFITABLE,39.059999999999945,-78.13000000000011,-209.3859999999997,-189.72160851545664,42.16035744787928,43.3570000000002,2106.61,927.53,1
129,2017-05-10,PROFITABLE,68.0300000000002,-1.3099999999999454,-197.2320000000002,-181.22040696719205,40.2712015482648,43.92399999999975,2428.6,900.47,1
130,2017-05-11,UNPROFITABLE,93.22000000000004,-25.360000000000127,-215.9750000000001,-198.5403329731569,44.12007399403501,42.69699999999989,2226.17,679.39,1
131,2017-05-12,PROFITABLE,30.230000000000015,-131.91000000000008,-64.50300000000016,-60.71754515985572,13.49278781330122,27.142000000000053,1770.31,666.07,1
132,2017-05-13,UNPROFITABLE,153.83000000000015,-8.079999999999927,-113.69100000000026,-115.68071876715476,25.706826392701032,31.48199999999997,1987.77,822.38,-1
133,2017-05-14,UNPROFITABLE,32.29000000000019,-22.50999999999999,-90.567,-97.9205880822176,21.760130684937167,27.12400000000025,2526.17,832.9399999999999,0
134,2017-05-15,UNPROFITABLE,29.8900000000001,-74.36999999999989,-1.7889999999999873,-22.451390249087357,4.98919783313022,18.298,2179.81,646.9399999999999,0
135,2017-05-16,PROFITABLE,47.91000000000008,-51.49000000000001,17.75599999999963,-15.11295565834439,3.358434590742945,15.5649999999996,3495.31,1160.61,0
136,2017-05-17,PROFITABLE,177.17999999999984,-24.96000000000004,-62.64599999999996,-97.97969099319084,21.77326466515342,24.238000000000284,3292.76,1203.97,0
137,2017-05-18,PROFITABLE,81.5300000000002,-15.829999999999927,-95.67599999999992,-120.71429263079268,26.825398362398342,16.5300000000002,3348.8,1067.56,0
138,2017-05-19,PROFITABLE,97.46000000000004,-16.809999999999945,-171.50099999999998,-179.8153303342849,39.95896229650771,23.2349999999999,4022.42,1254.67,1
139,2017-05-20,UNPROFITABLE,109.80999999999996,0.0,-238.7609999999997,-226.5016339098695,50.33369642441539,29.76000000000022,2583.91,936.28,1
140,2017-05-21,PROFITABLE,3.7000000000000455,-77.87999999999988,-175.96800000000007,-149.70406410807504,33.26756980179448,19.262999999999693,2861.38,944.01,1
141,2017-05-22,PROFITABLE,155.5300000000002,-130.5,-263.2520000000002,-230.6487797247887,51.25528438328638,44.91599999999994,5393.24,1580.73,1
142,2017-05-23,PROFITABLE,141.92000000000007,-0.4000000000000909,-358.72100000000023,-309.00172886573614,68.66705085905255,51.55099999999993,5409.36,1740.97,1
143,2017-05-24,UNPROFITABLE,122.26999999999998,-80.07999999999993,-418.4679999999999,-353.63595998105666,78.58576888467928,63.47300000000018,6089.9,1907.63,1
144,2017-05-25,UNPROFITABLE,19.67999999999984,-458.73,-223.1529999999998,-175.88942180268305,39.08653817837376,56.6550000000002,6852.65,2746.61,1
145,2017-05-26,UNPROFITABLE,130.4300000000003,-371.3699999999999,-73.79600000000028,-59.99679965674113,13.332622145941968,46.79699999999957,5750.62,2036.33,1
146,2017-05-27,PROFITABLE,183.04,-221.32999999999996,109.73200000000044,84.7253457353936,-18.827854607865447,19.97800000000052,4139.12,1883.45,1
147,2017-05-28,PROFITABLE,101.72000000000024,-111.53999999999996,19.516999999999825,-26.349262580132745,5.855391684473943,26.71499999999969,3812.0,1192.69,1
148,2017-05-29,UNPROFITABLE,148.44000000000003,-51.440000000000055,-53.5029999999997,-103.2212148382905,22.938047741842183,26.79000000000042,4528.01,1062.98,1
149,2017-05-30,PROFITABLE,50.89999999999964,-126.49000000000024,35.71100000000024,-18.884630322237623,4.196584516052553,9.073999999999614,4670.67,1370.88,1
150,2017-05-31,PROFITABLE,140.8399999999997,-24.670000000000076,-50.70799999999963,-106.2201520818312,23.60447824040648,24.521000000000186,4643.34,1421.69,1
151,2017-06-01,PROFITABLE,119.55000000000018,-40.50999999999976,-148.73000000000002,-186.29194261240764,41.39820946942382,23.447999999999865,5101.19,1888.1,-1
152,2017-06-02,UNPROFITABLE,115.23000000000002,0.0,-212.587,-218.42340759197032,48.53853502043739,16.813000000000102,7344.9,1757.2,1
153,2017-06-03,UNPROFITABLE,91.77999999999976,-66.55999999999995,-232.2159999999999,-200.63733348433925,44.58607410763079,7.170999999999822,4966.47,1329.82,-1
154,2017-06-04,PROFITABLE,59.26999999999998,-74.07999999999993,-207.99299999999997,-161.26145466900516,35.83587881533413,20.682999999999996,4857.15,1302.17,1
155,2017-06-05,PROFITABLE,176.59000000000017,0.0,-334.55399999999963,-275.1230083655496,61.13844630345557,48.43900000000031,5687.43,1500.62,1
156,2017-06-06,UNPROFITABLE,172.35999999999967,-136.71000000000004,-428.5109999999995,-369.419734117268,82.09327424828143,82.43299999999999,6165.86,2137.04,1
157,2017-06-07,PROFITABLE,31.59999999999991,-137.22000000000023,-239.83500000000004,-195.03796427776524,43.34176983950283,57.63599999999951,6738.46,2225.31,1
158,2017-06-08,UNPROFITABLE,134.67000000000007,-9.680000000000293,-258.29399999999987,-219.68015259089907,48.81781168686621,55.00100000000021,6746.0,2270.03,1
159,2017-06-09,PROFITABLE,28.19000000000005,-77.90000000000009,-211.6500000000001,-194.62103393800865,43.2491186528905,64.83399999999983,5089.85,1847.27,1
160,2017-06-10,UNPROFITABLE,201.15999999999983,-3.2799999999997453,-269.4200000000001,-260.60811867655275,57.91291526145597,66.13000000000011,6087.57,2155.88,-1
161,2017-06-11,UNPROFITABLE,117.57999999999991,-38.48999999999978,-224.79700000000005,-221.73391528081584,49.27420339573701,55.02300000000014,7758.71,2045.29,1
162,2017-06-12,PROFITABLE,141.07000000000016,-337.6300000000001,90.79099999999973,62.792251133877926,-13.953833585306256,17.10799999999972,9048.75,3749.73,-1
163,2017-06-13,UNPROFITABLE,66.63999999999987,-72.01999999999998,53.56799999999976,4.420023654990928,-0.9822274788871256,20.16699999999992,8841.44,3015.79,1
164,2017-06-14,UNPROFITABLE,93.42999999999984,-280.46000000000004,263.67400000000043,175.96638299044707,-39.103640664543946,-0.5439999999994143,9664.98,3179.0,1
165,2017-06-15,PROFITABLE,251.6199999999999,-70.13000000000011,283.241,178.16431335582,-39.59206963462702,-22.22300000000041,7725.69,3645.83,1
166,2017-06-16,PROFITABLE,133.40999999999983,-21.360000000000127,194.79700000000005,101.60534729112533,-22.57896606469467,-34.46399999999994,8735.94,2938.89,1
167,2017-06-17,UNPROFITABLE,170.92000000000007,-29.309999999999945,49.848999999999705,-29.22107948907933,6.493573219795508,-7.628000000000156,6891.22,2596.33,1
168,2017-06-18,UNPROFITABLE,31.96000000000004,-113.80999999999996,131.70600000000013,64.12002587257166,-14.248894638349157,-25.73299999999972,7525.74,3128.32,1
169,2017-06-19,PROFITABLE,40.56999999999971,-73.25,66.97499999999991,18.662748441195163,-4.147277431376551,-23.42100000000028,12796.8,3773.64,1
170,2017-06-20,UNPROFITABLE,131.9699999999998,-41.659999999999854,-87.80700000000024,-92.88593309356747,20.64131846523742,-22.5920000000001,10692.81,4067.65,1
171,2017-06-21,UNPROFITABLE,28.699999999999815,-82.91000000000031,-82.01800000000003,-49.25121798564624,10.944715107921184,-26.90099999999984,8028.88,2924.09,1
172,2017-06-22,UNPROFITABLE,63.04999999999973,-18.329999999999927,-93.74999999999956,-53.64099653371068,11.920221451935504,4.578000000000429,8741.73,2872.27,1
173,2017-06-23,UNPROFITABLE,38.53999999999997,-20.26000000000022,-130.4609999999998,-76.2062698912182,16.93472664249248,2.78899999999976,7434.94,2779.95,1
174,2017-06-24,UNPROFITABLE,25.529999999999745,-149.22000000000023,15.964000000000397,49.07759736173057,-10.906132747051288,10.235000000000127,6078.02,2653.55,1
175,2017-06-25,UNPROFITABLE,37.28999999999997,-92.85000000000036,47.75700000000006,55.95348875050695,-12.434108611223564,12.48299999999972,7649.99,3140.97,1
176,2017-06-26,PROFITABLE,102.15999999999984,-136.80000000000018,154.70600000000013,136.5655817049601,-30.34790704554689,-4.010999999999967,9743.2,4785.21,1
177,2017-06-27,UNPROFITABLE,219.46000000000004,0.0,70.36300000000028,51.19002139496706,-11.375560309993034,-10.342999999999847,6639.26,2797.95,1
178,2017-06-28,UNPROFITABLE,90.36999999999988,-29.19000000000005,50.672999999999774,23.604562959518265,-5.245458435448654,2.649999999999636,6282.15,2631.22,1
179,2017-06-29,UNPROFITABLE,28.840000000000146,-49.50999999999976,81.11500000000024,48.33373333051486,-10.7408296290032,-5.027999999999338,5689.63,1924.95,1
180,2017-06-30,UNPROFITABLE,2.410000000000309,-78.40999999999985,115.5,87.39305454314808,-19.4206787873668,-24.09500000000025,5537.74,2242.65,1
181,2017-07-01,PROFITABLE,15.320000000000164,-80.7199999999998,136.33499999999958,109.3770446262115,-24.306009916936542,-25.455000000000386,3618.32,1536.23,1
182,2017-07-02,PROFITABLE,111.62999999999964,-7.8100000000004,44.52099999999973,30.646672875991044,-6.810371750220838,-19.894000000000236,2709.99,1104.1,1
183,2017-07-03,UNPROFITABLE,83.59000000000015,-30.94000000000005,-31.154,-22.04454037418964,4.898786749819465,-18.08499999999958,3019.06,1054.57,1
184,2017-07-04,UNPROFITABLE,42.28999999999997,-29.950000000000276,-69.44200000000001,-48.7837148516096,10.840825522579962,-0.7080000000000837,4834.93,1810.3,-1
185,2017-07-05,UNPROFITABLE,63.4399999999996,-20.66000000000031,-68.53399999999965,-40.20031215131712,8.93340270029239,1.2580000000002656,6176.78,2179.51,1
186,2017-07-06,UNPROFITABLE,26.86999999999989,-8.159999999999854,-62.0930000000003,-38.26661903289596,8.503693118421324,13.010999999999513,4715.7,1911.97,1
187,2017-07-07,PROFITABLE,19.789999999999964,-397.48,24.427999999999884,42.24549351853966,-9.38788744856447,-3.3789999999999054,5524.82,1896.85,1
188,2017-07-08,UNPROFITABLE,79.0300000000002,0.0,-28.597000000000666,-8.537323484831632,1.8971829966289988,-0.3450000000002546,4411.15,1934.76,1
189,2017-07-09,UNPROFITABLE,0.849999999999909,-117.04999999999971,22.21499999999969,36.29673533059213,-8.065941184576332,-2.087999999999738,3019.96,1326.41,1
190,2017-07-10,UNPROFITABLE,51.42999999999984,-164.5999999999999,157.26699999999985,149.05369254321158,-33.123042787380655,-10.827999999999976,4662.43,2462.57,-1
191,2017-07-11,PROFITABLE,40.98000000000002,-75.67999999999984,182.36099999999988,150.40120298989996,-33.42248955331161,-9.67599999999993,6781.62,3360.84,1
192,2017-07-12,UNPROFITABLE,123.70000000000029,-24.86999999999989,110.54799999999976,73.1055297190087,-16.245673270891075,-10.76299999999992,7083.06,2612.89,1
193,2017-07-13,UNPROFITABLE,17.070000000000164,-67.31999999999971,130.87199999999984,93.30997886100704,-20.73555085800172,-20.615999999999985,4396.36,1890.49,1
194,2017-07-14,UNPROFITABLE,50.120000000000346,-129.90999999999983,218.60199999999983,178.25725543173303,-39.61272342927396,-36.82999999999993,5288.78,2336.98,1
195,2017-07-15,UNPROFITABLE,8.449999999999818,-232.28,392.769,337.69411808050904,-75.04313735122423,-60.3130000000001,4867.35,2042.69,-1
196,2017-07-16,PROFITABLE,86.78999999999996,-128.95000000000005,393.9350000000002,332.7824602476892,-73.95165783281982,-67.8739999999998,4464.92,2407.55,-1
197,2017-07-17,PROFITABLE,295.79,-2.0799999999999272,66.32000000000062,27.975649293563947,-6.216810954125322,-29.02499999999964,3993.39,2045.26,-1
198,2017-07-18,UNPROFITABLE,154.11000000000013,-68.73000000000002,-49.396000000000186,-51.13174148708458,11.362609219351723,-25.24600000000055,5256.67,1925.33,-1
199,2017-07-19,PROFITABLE,13.199999999999818,-123.74000000000024,-28.44700000000012,-4.648697580341832,1.0330439067424777,-24.501000000000204,4696.05,2113.72,1
200,2017-07-20,UNPROFITABLE,547.71,-83.09999999999991,-528.1129999999998,-449.0334798384615,99.7852177418804,44.50400000000036,3940.79,2013.74,1
201,2017-07-21,PROFITABLE,45.91000000000031,-170.64999999999964,-345.2760000000003,-244.794665322378,54.3988145160838,32.996999999999844,4641.94,2058.08,1
202,2017-07-22,UNPROFITABLE,152.40999999999983,-52.30000000000018,-446.5079999999998,-316.7629079910366,70.39175733134107,41.12800000000016,3406.4,1418.62,1
203,2017-07-23,UNPROFITABLE,76.46000000000004,-101.77999999999976,-329.538,-193.944197447212,43.09871054382484,37.25,5295.91,2277.35,-1
204,2017-07-24,UNPROFITABLE,55.67000000000007,-22.40000000000009,-301.846,-178.69434336590075,39.70985408131128,52.15200000000005,5104.7,1987.65,1
205,2017-07-25,UNPROFITABLE,95.51999999999998,-191.5999999999999,-65.70400000000018,-0.2571900266461853,0.0571533392544552,57.76199999999972,4479.94,1717.0,1
206,2017-07-26,PROFITABLE,78.64999999999964,-81.3100000000004,41.289000000000215,38.26866270547134,-8.504147267882672,59.96300000000019,4980.5,1660.94,1
207,2017-07-27,PROFITABLE,142.44000000000003,-21.539999999999964,-56.70400000000018,-85.14109415006942,18.92024314445962,44.33699999999999,4048.93,1825.61,1
208,2017-07-28,UNPROFITABLE,129.2800000000002,-88.4399999999996,-144.92099999999982,-181.93998612278392,40.43110802728552,49.013000000000375,6116.82,2392.25,1
209,2017-07-29,UNPROFITABLE,33.64999999999964,-82.3100000000004,-17.05899999999974,-81.31089773682334,18.069088385960185,45.30199999999968,4527.53,1786.69,1
210,2017-07-30,PROFITABLE,112.32999999999991,-1.3500000000003638,-53.83100000000013,-91.66982542103732,20.371072315786023,-6.042000000000371,5322.33,1957.83,1
211,2017-07-31,UNPROFITABLE,154.73000000000002,-14.279999999999744,-151.23300000000015,-171.678948071758,38.15087734927965,20.758000000000266,5212.01,2295.07,1
212,2017-08-01,UNPROFITABLE,32.65000000000009,-203.0899999999997,-3.338999999999942,-11.944593876893125,2.6543541948649363,-9.185999999999694,8143.519999999999,3472.08,1
213,2017-08-02,PROFITABLE,42.07999999999993,-51.86000000000013,2.2779999999997926,-3.5628495356395438,0.791744341253434,-1.973000000000411,9371.02,4018.92,1
214,2017-08-03,PROFITABLE,119.59000000000016,-8.579999999999927,-86.79500000000007,-79.87324052915983,17.74960900647966,4.98700000000008,8564.55,3328.13,1
215,2017-08-04,PROFITABLE,152.17000000000007,-3.4400000000000546,-146.01399999999967,-139.93628770567648,31.096952823483207,31.94100000000026,8880.13,3156.09,1
216,2017-08-05,UNPROFITABLE,378.0799999999999,-37.10000000000037,-430.6879999999997,-406.6005990319172,90.35568867375925,72.346,8370.62,3641.55,-1
217,2017-08-06,PROFITABLE,58.34000000000015,-79.34999999999991,-337.50199999999995,-300.788671935205,66.84192709671242,54.21599999999989,7402.3,2821.88,1
218,2017-08-07,UNPROFITABLE,198.05000000000015,-18.73999999999978,-445.50900000000047,-381.0998224924406,84.68884944276442,56.99299999999948,8359.09,2829.63,1
219,2017-08-08,UNPROFITABLE,74.11000000000013,-64.90999999999985,-417.1599999999999,-345.3544002210879,76.74542227135271,69.34900000000061,7818.68,2715.85,1
220,2017-08-09,UNPROFITABLE,94.79999999999971,-80.29000000000042,-281.1609999999996,-219.1781456354352,48.70625458565246,58.529,7784.0,2306.13,1
221,2017-08-10,PROFITABLE,61.8100000000004,-72.16999999999962,-269.37699999999995,-211.08121006535657,46.906935570078986,50.59400000000005,8123.82,3102.05,1
222,2017-08-11,PROFITABLE,278.5,-29.09999999999991,-445.48099999999977,-393.0718991443828,87.3493109209735,93.23599999999988,11065.68,3927.59,1
223,2017-08-12,PROFITABLE,271.0100000000002,-65.21000000000004,-562.1669999999999,-513.1324629363135,114.02943620806946,117.404,9414.0,3297.24,1
224,2017-08-13,PROFITABLE,215.46000000000004,-135.1300000000001,-623.8640000000005,-574.1038333115298,127.57862962478384,126.8529999999996,10520.69,4224.78,1
225,2017-08-14,UNPROFITABLE,335.97000000000025,0.0,-732.8099999999995,-675.7967727094333,150.1770606020964,142.9240000000009,12129.73,4931.09,1
226,2017-08-15,PROFITABLE,275.75000000000045,-274.04,-496.7080000000001,-435.760995853173,96.83577685626052,92.9019999999996,13543.94,5715.1,1
227,2017-08-16,UNPROFITABLE,382.21,-4.599999999999454,-575.1389999999997,-515.8317238798691,114.62927197330372,116.26900000000025,13415.29,4887.43,1
228,2017-08-17,UNPROFITABLE,87.97999999999956,-153.01000000000022,-434.9239999999991,-385.275046810802,85.61667706906655,95.27500000000008,12981.5,4606.61,1
229,2017-08-18,UNPROFITABLE,145.2199999999998,-209.51000000000025,-189.7860000000001,-175.25867466338377,38.94637214741852,74.0679999999993,12965.38,5242.25,1
230,2017-08-19,UNPROFITABLE,223.14999999999964,-49.5600000000004,-137.74299999999994,-170.45891563367786,37.87975902970584,85.12300000000005,17498.78,4137.83,1
231,2017-08-20,UNPROFITABLE,17.779999999999745,-108.63000000000012,38.93499999999949,-52.70638551846423,11.712530115213667,70.63799999999947,14273.02,3440.15,1
232,2017-08-21,PROFITABLE,13.139999999999873,-107.40000000000056,159.96700000000055,27.174775484892507,-6.038838996643335,35.11200000000099,12794.54,3707.13,1
233,2017-08-22,UNPROFITABLE,425.9400000000005,-28.23999999999978,82.76799999999912,-58.58609278508902,13.019131730019126,21.58099999999922,11070.63,4121.08,1
234,2017-08-23,PROFITABLE,73.11000000000058,-104.25999999999932,39.59399999999914,-89.66134864234573,19.924744142743293,7.826000000000022,12703.71,4098.38,1
235,2017-08-24,UNPROFITABLE,204.42000000000007,-41.71000000000004,-142.61099999999988,-223.2174670710101,49.60388157133548,0.9550000000008368,11996.04,4949.71,-1
236,2017-08-25,UNPROFITABLE,64.25,-84.09999999999945,-160.5640000000003,-212.83974578537251,47.29772128563764,18.966999999999643,12085.62,4439.39,1
237,2017-08-26,UNPROFITABLE,82.8799999999992,-26.88000000000011,-143.78699999999935,-158.43251927894107,35.20722650643074,-2.4229999999997744,12004.24,3986.69,1
238,2017-08-27,UNPROFITABLE,65.59000000000015,-33.71000000000004,-169.14800000000014,-154.564788500953,34.347730777988545,5.118999999999687,13308.65,4513.05,-1
239,2017-08-28,PROFITABLE,158.01999999999953,-21.27000000000044,-146.72400000000016,-126.28209968259762,28.062688818355127,22.203999999999724,13589.39,4134.09,1
240,2017-08-29,UNPROFITABLE,226.89000000000036,-46.659999999999854,-304.5520000000006,-263.9798997403077,58.6621999422905,38.53200000000015,14394.46,5619.06,1
241,2017-08-30,PROFITABLE,93.89000000000031,-61.220000000000255,-243.0679999999993,-204.7580997875248,45.50179995278268,47.76400000000103,15836.86,5679.37,-1
242,2017-08-31,PROFITABLE,153.9900000000007,-32.659999999999854,-310.9930000000004,-280.51208164433865,62.336018143186266,70.16499999999905,16493.71,6189.35,1
243,2017-09-01,UNPROFITABLE,213.48000000000047,0.0,-420.464,-383.8353395271861,85.29674211715246,79.14900000000034,18922.96,7515.809999999999,1
244,2017-09-02,UNPROFITABLE,109.53000000000064,-396.2699999999995,-64.4989999999998,-57.75982324951656,12.83551627766974,42.72500000000037,14737.48,5897.21,1
245,2017-09-03,UNPROFITABLE,165.3699999999999,-131.1199999999999,-43.86099999999988,-50.6862190223319,11.26360422718426,24.82799999999952,17109.64,6576.37,1
246,2017-09-04,PROFITABLE,127.91000000000076,-355.3199999999997,289.2599999999993,242.15218443627327,-53.81159654139447,-13.529000000000453,20978.26,10690.4,1
247,2017-09-05,PROFITABLE,378.4199999999996,-51.3100000000004,151.45300000000043,83.39905999331495,-18.53312444295898,2.4130000000004657,13598.94,5963.87,1
248,2017-09-06,UNPROFITABLE,220.52999999999972,-20.13000000000011,-47.71299999999974,-112.247132732743,24.943807273942184,21.423999999999975,16247.57,6841.96,1
249,2017-09-07,UNPROFITABLE,108.55000000000018,-55.159999999999854,-28.75099999999929,-94.09674496315438,20.91038776958885,21.722000000000666,13694.95,5241.82,1
250,2017-09-08,UNPROFITABLE,153.57000000000016,-432.25,307.3520000000008,226.66357230287304,-50.369682733972695,-35.027000000000044,1719.13,595.52,0
251,2017-09-09,UNPROFITABLE,111.95000000000071,-82.75999999999931,276.1179999999995,187.65292279325968,-41.70064950961296,-33.92400000000089,824.93,198.67,0
252,2017-09-10,UNPROFITABLE,171.89999999999964,-122.5,321.1930000000002,237.90511864903144,-52.86780414422901,-58.04500000000007,363.94,148.09,0
253,2017-09-11,UNPROFITABLE,61.8700000000008,-100.39999999999964,209.78899999999976,163.28873344011572,-36.28638520891491,-73.07399999999961,461.3,128.28,0
254,2017-09-12,UNPROFITABLE,45.5900000000006,-213.83999999999924,195.45299999999952,158.52169099645835,-35.22704244365741,-44.79600000000028,626.4399999999999,232.02,0
255,2017-09-13,UNPROFITABLE,92.67000000000009,-249.38999999999945,373.6360000000004,332.7886562698295,-73.95303472662908,-70.03699999999935,367.53,134.46,0
256,2017-09-14,PROFITABLE,1.0899999999996908,-765.6500000000001,993.1400000000004,867.6234460389514,-192.8052102308784,-108.13600000000042,226.47,61.99,0
257,2017-09-15,UNPROFITABLE,690.9000000000001,-95.92999999999984,436.6689999999999,315.0437285773237,-70.00971746162759,-73.9010000000003,137.64,62.81999999999999,0
258,2017-09-16,UNPROFITABLE,137.25,-183.80000000000015,351.9410000000007,267.97395974508254,-59.54976883224117,-97.20799999999916,164.92,61.56,0
259,2017-09-17,PROFITABLE,137.24000000000024,-81.92999999999984,292.4010000000003,253.74596706415832,-56.38799268092407,-101.70000000000029,214.48,285.77,0
260,2017-09-18,UNPROFITABLE,474.1099999999997,-14.0300000000002,-206.27400000000037,-187.01511785659795,41.55891507924344,-16.355000000000928,515.84,66.73,0
261,2017-09-19,UNPROFITABLE,56.09999999999991,-169.10000000000036,-96.1529999999998,-38.2787327917622,8.50638506483574,-30.10899999999947,160.48999999999998,69.44999999999999,0
262,2017-09-20,UNPROFITABLE,48.2199999999998,-125.44000000000004,-98.83200000000032,-15.75714501144239,3.501587780319824,-21.699000000000524,202.7,50.49,0
263,2017-09-21,UNPROFITABLE,17.409999999999854,-285.3800000000001,123.05499999999984,212.03415408154703,-47.11870090701041,-53.02299999999968,342.47,191.65,0
264,2017-09-22,PROFITABLE,77.16999999999962,-127.57000000000016,73.38400000000047,173.76067152126552,-38.61348256028168,-50.01099999999951,108.85,15.61,0
265,2017-09-23,UNPROFITABLE,197.82000000000016,-26.809999999999945,-97.33500000000004,9.867822153762065,-2.192849367503186,-9.019000000000233,101.55,32.03,0
266,2017-09-24,PROFITABLE,15.940000000000056,-113.30999999999996,65.01400000000012,97.71367267125925,-21.71414948250276,52.789000000000215,92.01,56.42,0
267,2017-09-25,UNPROFITABLE,244.49000000000024,-24.17999999999984,-149.36100000000033,-119.05881326896996,26.4575140597708,28.854999999999563,246.85,13.42,0
268,2017-09-26,PROFITABLE,22.449999999999815,-77.53999999999996,-88.91000000000031,-69.82266540188493,15.516147867084785,26.730999999999767,154.68,35.58,0
269,2017-09-27,UNPROFITABLE,315.8499999999999,-9.38000000000011,-335.451,-309.38945351063376,68.75321189125134,61.77900000000045,146.95,8.32,0
270,2017-09-28,UNPROFITABLE,65.02999999999975,-104.58000000000084,-298.55799999999954,-231.9131892359728,51.536264274660425,10.952999999999976,138.71,40.37,0
271,2017-09-29,PROFITABLE,123.77999999999976,-51.5600000000004,-263.08799999999974,-180.2071548294325,40.04603440654046,23.809999999999945,69.41,18.99,0
272,2017-09-30,UNPROFITABLE,177.85000000000036,-19.72000000000025,-395.4520000000007,-291.1476721331724,64.69948269626047,43.275999999999385,87.88,25.98,0
273,2017-10-01,UNPROFITABLE,133.92999999999938,0.0,-383.212,-291.4180953816867,64.75957675148538,77.27000000000044,37.34,18.33,0
274,2017-10-02,UNPROFITABLE,31.859999999999676,-60.909999999999854,-310.9300000000003,-242.99844167592528,53.999653705761375,77.86199999999963,82.39,18.56,0
275,2017-10-03,UNPROFITABLE,58.58999999999924,-114.99000000000068,-166.5820000000003,-123.67508864393947,27.483353031985644,52.50799999999981,65.2,23.69,0
276,2017-10-04,PROFITABLE,18.9399999999996,-122.95000000000071,-23.80999999999949,-29.090527072314217,6.4645615716253815,54.65200000000095,235.29,60.2,0
277,2017-10-05,UNPROFITABLE,164.35999999999967,-34.23000000000047,-82.6260000000002,-104.84224942280343,23.298277649510965,40.23399999999947,111.03,12.07,0
278,2017-10-06,UNPROFITABLE,50.280000000000655,-42.46000000000004,-77.18000000000029,-120.4709313459307,26.771318076873285,47.84600000000046,76.84,5.43,0
279,2017-10-07,PROFITABLE,105.84000000000016,-16.98999999999978,-110.63799999999992,-144.4507620103077,32.10016933562292,22.6220000000003,146.15,9.33,0
280,2017-10-08,PROFITABLE,204.83999999999924,-13.660000000000764,-250.65300000000025,-268.3969870993424,59.64377491096457,43.57499999999891,31.45,56.67,0
281,2017-10-09,UNPROFITABLE,207.77000000000044,-106.6899999999996,-351.2980000000007,-351.7666258085537,78.17036129078951,60.89500000000044,121.26,4.55,0
282,2017-10-10,UNPROFITABLE,16.889999999999418,-140.1800000000003,-316.9399999999996,-295.96633020699846,65.77029560155461,44.32800000000043,273.03000000000003,55.86,0
283,2017-10-11,PROFITABLE,74.84999999999945,-47.25,-319.15599999999904,-278.55517926027096,61.90115094672728,42.27400000000034,129.82,2.51,0
284,2017-10-12,PROFITABLE,624.9099999999999,0.0,-835.8269999999993,-735.533328485677,163.45185077459428,103.759,38.08,14.92,0
285,2017-10-13,PROFITABLE,210.35999999999967,-193.09000000000012,-903.1540000000005,-765.6818142155544,170.1515142701228,132.97299999999905,275.1,16.990000000000002,0
286,2017-10-14,UNPROFITABLE,240.14999999999964,-5.909999999999855,-927.491,-777.4869389036357,172.77487531191855,160.2430000000004,98.86,10.67,0
287,2017-10-15,UNPROFITABLE,199.57999999999996,-174.28999999999996,-638.9129999999996,-510.4529500120652,113.43398889157017,134.9780000000001,25.1,43.19,0
288,2017-10-16,UNPROFITABLE,181.3800000000001,-50.63999999999942,-550.835000000001,-456.4251409189637,101.42780909310204,135.47799999999916,76.14,16.99,0
289,2017-10-17,UNPROFITABLE,132.78999999999996,-194.84000000000012,-312.89300000000003,-275.1914789336979,61.1536619852659,117.862000000001,31.380000000000003,5.06,0
290,2017-10-18,PROFITABLE,439.25,-13.13000000000011,-200.0519999999988,-213.03121003666183,47.34026889703546,98.02100000000064,38.44,20.66,0
291,2017-10-19,PROFITABLE,177.46000000000004,-35.82999999999993,-224.23200000000088,-270.7046263936336,60.15658364302908,93.64999999999873,141.72,54.16,0
292,2017-10-20,UNPROFITABLE,384.22000000000025,-48.659999999999854,-404.2160000000004,-469.3374215947906,104.29720479884236,122.94599999999993,148.36,83.87,0
293,2017-10-21,UNPROFITABLE,66.53000000000065,-163.27999999999977,-303.85399999999936,-400.4897085775565,88.99771301723467,120.51200000000154,4.35,8.809999999999999,0
294,2017-10-22,UNPROFITABLE,216.07999999999996,-67.84000000000015,-224.5230000000001,-308.707943381638,68.60176519591823,56.15099999999893,15.93,5.74,0
295,2017-10-23,UNPROFITABLE,197.84999999999943,-145.27000000000044,-118.11199999999916,-188.67922640315828,41.92871697847932,28.311000000000604,49.33,21.59,0
296,2017-10-24,PROFITABLE,22.46000000000004,-408.8800000000001,255.05299999999988,175.9097238519607,-39.091049744880365,-30.515000000000327,9.56,30.4,0
297,2017-10-25,PROFITABLE,352.9200000000001,-3.5299999999997453,38.15399999999954,-39.47749866657705,8.772777481462072,7.260999999999512,34.34,25.0,0
298,2017-10-26,UNPROFITABLE,183.60999999999967,-71.97000000000025,-97.95200000000024,-158.3243170908363,35.18318157574049,17.923999999999978,57.57,8.05,0
299,2017-10-27,UNPROFITABLE,52.07999999999993,-207.4900000000007,43.51699999999983,-28.140804892502278,6.253512198333738,17.53899999999976,29.06,2.14,0
300,2017-10-28,PROFITABLE,63.90000000000055,-123.63000000000012,87.56700000000001,-0.2706585484120296,0.0601463440907537,16.24000000000069,30.56,3.12,0
301,2017-10-29,UNPROFITABLE,429.2700000000005,-101.85999999999969,-268.65999999999985,-328.11599335779283,72.91466519061942,44.53300000000036,90.35,22.63,0
302,2017-10-30,PROFITABLE,89.67999999999938,-84.46000000000004,-233.4319999999998,-249.37854002001225,55.41745333777999,11.907999999999449,31.36,57.080000000000005,0
303,2017-10-31,PROFITABLE,365.0699999999997,-2.030000000000655,-527.6219999999994,-480.4760781981922,106.77246182181987,43.68000000000029,48.65,8.46,0
304,2017-11-01,PROFITABLE,389.4300000000003,0.0,-750.6430000000009,-637.6795185257943,141.70655967239873,75.88899999999921,57.67,25.5,0
305,2017-11-02,UNPROFITABLE,319.77999999999975,-288.8299999999999,-947.0150000000004,-776.3477878847407,172.52173064105318,114.8180000000002,0.0,5.75,0
306,2017-11-03,PROFITABLE,204.82000000000065,-253.52999999999972,-908.1630000000004,-740.9518264511516,164.65596143358923,168.11200000000008,138.3,76.87,0
307,2017-11-04,UNPROFITABLE,348.6700000000001,-112.90999999999984,-917.438,-747.1160398236698,166.02578662748147,162.91499999999996,31.27,0.0,0
308,2017-11-05,UNPROFITABLE,74.22000000000025,-210.0699999999997,-794.6400000000003,-633.744032583003,140.83200724066683,150.2579999999998,2.33,0.0,0
309,2017-11-06,UNPROFITABLE,15.449999999999818,-423.0100000000002,-285.8040000000001,-203.8042084770032,45.2898241060002,124.1860000000006,85.24000000000001,11.03,0
310,2017-11-07,PROFITABLE,121.27999999999976,-108.9399999999996,-268.295000000001,-266.25617057209365,59.1680379049094,139.128999999999,12.27,5.88,0
311,2017-11-08,UNPROFITABLE,345.6699999999992,-316.7300000000005,-453.0209999999997,-475.8268668317123,105.73930374038082,130.58400000000074,3.85,0.0,0
312,2017-11-09,UNPROFITABLE,42.05999999999949,-303.25,-35.60599999999977,-130.67743649867407,29.03943033303858,101.30500000000028,121.14,3.05,0
313,2017-11-10,UNPROFITABLE,181.27000000000044,-693.8599999999997,504.8079999999991,322.987551955629,-71.77501154569654,14.97399999999925,18.94,6.029999999999999,0
314,2017-11-11,UNPROFITABLE,153.3800000000001,-515.5499999999993,724.3770000000004,477.4316334182413,-106.09591853738766,-40.97099999999864,28.21,2.7,0
315,2017-11-12,PROFITABLE,431.0599999999995,-674.9800000000005,1019.0640000000004,724.059518251288,-160.902115166954,-112.84300000000076,5.88,0.0,0
316,2017-11-13,UNPROFITABLE,715.1999999999998,-251.69999999999985,344.8169999999991,93.7959694783258,-20.84354877296209,-64.82700000000114,96.95,22.290000000000003,0
317,2017-11-14,PROFITABLE,174.0,-129.22999999999956,194.1369999999997,14.347611391356622,-3.1883580869689467,-74.41999999999916,11.06,15.99,0
318,2017-11-15,PROFITABLE,680.7799999999997,-26.71000000000004,-494.84000000000015,-544.4528634070721,120.98952520157128,-9.186999999999898,24.5,7.42,0
319,2017-11-16,UNPROFITABLE,695.1099999999997,-95.69000000000052,-966.0969999999988,-900.4932518785135,200.10961152855816,84.89300000000094,29.29,20.35,0
320,2017-11-17,UNPROFITABLE,147.89999999999964,-295.6000000000004,-746.9360000000006,-603.6490242642394,134.1442276142743,56.46099999999842,20.66,0.0,0
321,2017-11-18,PROFITABLE,326.71000000000004,-94.84000000000016,-795.0499999999993,-560.2982925798324,124.51073168440688,33.046000000001186,32.69,2.78,0
322,2017-11-19,PROFITABLE,342.3899999999994,-65.42000000000007,-952.0989999999993,-659.9767848380452,146.66150774178732,89.29100000000017,8.16,9.25,0
323,2017-11-20,UNPROFITABLE,251.27999999999972,-136.22000000000116,-957.9989999999988,-674.285551231128,149.84123360691683,158.25,53.18,16.78,0
324,2017-11-21,PROFITABLE,308.5500000000002,-277.39999999999964,-657.2530000000006,-445.83181464365225,99.07373658747656,171.36599999999908,4.85,0.0,0
325,2017-11-22,UNPROFITABLE,178.07999999999902,-48.71000000000095,-609.1949999999988,-513.9178483448059,114.20396629884544,230.34800000000087,17.57,7.99,0
326,2017-11-23,PROFITABLE,0.0,-228.6299999999992,-246.48700000000008,-244.74914864575203,54.388699699055,147.92799999999988,7.69,4.0,0
327,2017-11-24,PROFITABLE,312.7600000000002,-120.46999999999936,-299.6130000000012,-376.0929398010703,83.57620884468179,161.79399999999896,31.71,1.69,0
328,2017-11-25,PROFITABLE,599.7700000000004,0.0,-689.3049999999994,-747.2642234736031,166.05871632746675,147.53800000000138,26.5,5.45,0
329,2017-11-26,PROFITABLE,554.9599999999991,-192.38000000000105,-1083.048999999999,-1052.9134555693126,233.98076790428968,145.8859999999995,152.25,16.0,0
330,2017-11-27,PROFITABLE,465.630000000001,0.0,-1359.9130000000005,-1260.5837363748942,280.1297191944195,210.9359999999997,162.9,5.56,0
331,2017-11-28,UNPROFITABLE,322.5,-66.90000000000146,-1373.4979999999996,-1228.1185115794578,272.9152247954353,226.86499999999975,10.59,0.0,0
332,2017-11-29,PROFITABLE,287.5799999999999,-1628.789999999999,-1018.0960000000014,-865.5778731104674,192.35063846899172,185.21199999999956,102.56,2.78,0
333,2017-11-30,PROFITABLE,1031.550000000001,-567.3999999999996,-1159.7900000000009,-990.4646234540196,220.1032496564476,203.29600000000028,53.14999999999999,0.0,0
334,2017-12-01,UNPROFITABLE,1280.9500000000007,-71.10000000000036,-1611.3559999999998,-1417.4710555532893,314.99356790073034,290.4340000000011,15.6,1.69,0
335,2017-12-02,PROFITABLE,169.5,-245.6000000000004,-1428.2510000000002,-1240.7490454526924,275.7220101005969,282.1049999999996,35.650000000000006,33.85,0
336,2017-12-03,PROFITABLE,461.2000000000007,-535.5,-1348.4080000000013,-1218.5583099158391,270.7907355368534,328.4429999999993,106.25,0.0,0
337,2017-12-04,PROFITABLE,575.4000000000015,0.0,-1342.0570000000007,-1270.2749808402332,282.28332907560616,340.35100000000057,60.2,19.33,0
338,2017-12-05,PROFITABLE,312.1000000000004,-115.29999999999929,-1288.9790000000012,-1251.634075232918,278.1409056073153,312.5779999999995,39.84,2.59,0
339,2017-12-06,PROFITABLE,2368.1000000000004,-77.60000000000036,-3167.6839999999997,-2967.0824251905688,659.3516500423484,496.0950000000012,23.87,5.0,0
340,2017-12-07,UNPROFITABLE,3842.4000000000015,0.0,-5967.749,-5379.776529701376,1195.5058954891938,808.1350000000002,4.35,10.54,0
341,2017-12-08,UNPROFITABLE,2232.500000000002,-1784.0,-3986.389000000001,-3313.208069755674,736.2684599457025,651.0599999999995,18.42,8.93,0
342,2017-12-09,UNPROFITABLE,1503.300000000001,-1604.7999999999993,-2066.23,-1572.552057072824,349.4560126828492,528.9590000000007,72.57000000000001,38.76,0
343,2017-12-10,PROFITABLE,2228.7999999999997,-395.2000000000007,-1821.25,-1513.4335012414012,336.3185558314217,522.1799999999985,3.12,0.0,0
344,2017-12-11,PROFITABLE,1532.0,-577.1000000000022,-2706.529999999999,-2450.318319197509,544.5151820438914,596.1200000000008,77.55,169.95,0
345,2017-12-12,UNPROFITABLE,843.8000000000029,-366.3999999999978,-2551.050000000001,-2396.3877157070565,532.5306034904552,634.0799999999999,177.44,7.69,0
346,2017-12-13,UNPROFITABLE,368.5,-1244.8999999999978,-1035.3499999999983,-1136.6081310330464,252.5795846740093,508.5000000000018,42.48,26.6,0
347,2017-12-14,PROFITABLE,378.1000000000004,-521.7999999999993,-700.4699999999975,-1057.4248344815842,234.98329655146156,490.6800000000003,120.91,6.74,0
348,2017-12-15,PROFITABLE,1105.6000000000022,-447.1999999999971,-1264.3500000000022,-1800.2657736667534,400.05906081483226,579.0199999999968,61.46,31.42,0
349,2017-12-16,UNPROFITABLE,1982.1000000000024,-219.29999999999927,-2534.260000000002,-2937.8992693637083,652.8665043030451,520.5900000000001,68.72,9.9,0
350,2017-12-17,UNPROFITABLE,166.70000000000073,-948.2000000000008,-2053.5499999999997,-2111.972129479396,469.3271398843099,124.11000000000058,49.99,21.33,0
351,2017-12-18,UNPROFITABLE,758.2999999999993,-256.7999999999993,-1772.4700000000012,-1706.2135604831456,379.15856899625214,254.4799999999996,48.24,29.42,0
352,2017-12-19,UNPROFITABLE,501.2999999999993,-1401.0999999999983,-175.11999999999898,-301.6747313043925,67.03882917875308,259.8500000000022,161.77,82.05,0
353,2017-12-20,UNPROFITABLE,546.8999999999978,-1310.1000000000022,1093.9000000000017,695.8024925691352,-154.6227761264745,116.91999999999824,50.48,13.23,0
354,2017-12-21,UNPROFITABLE,460.1999999999989,-1764.800000000001,1802.210000000001,1241.5929484656535,-275.9095441034806,-113.38999999999942,43.32,24.9,0
355,2017-12-22,PROFITABLE,1998.7999999999995,-2111.6000000000004,3414.9500000000007,2628.5669578355337,-584.1259906301202,-358.3600000000006,99.93,26.43,0
356,2017-12-23,UNPROFITABLE,870.4000000000015,-904.0,2376.649999999998,1440.9547836836173,-320.2121741519149,-170.90000000000146,116.93,6.67,0
357,2017-12-24,UNPROFITABLE,1178.0999999999983,-700.2000000000007,2886.23,1811.7448230138689,-402.60996066974985,-263.8199999999997,7.14,0.0,0
358,2017-12-25,PROFITABLE,577.7000000000007,-566.3999999999996,2417.4,1399.863946102254,-311.0808769116138,-368.0299999999989,3.85,0.0,0
359,2017-12-26,UNPROFITABLE,2070.9,-361.4000000000015,4.440000000000509,-550.9113168254298,122.42473707231512,-339.7600000000002,17.42,2.2,0
360,2017-12-27,UNPROFITABLE,724.2000000000007,-1092.4000000000017,-64.4900000000016,-236.954713766263,52.65660305916754,-330.2300000000014,97.11,2.94,0
361,2017-12-28,UNPROFITABLE,669.2000000000007,-1281.8999999999996,716.7399999999998,814.1279614639643,-180.91732476977268,-450.7699999999986,99.08,19.69,0
362,2017-12-29,UNPROFITABLE,349.2000000000007,-622.7999999999993,354.989999999998,625.4410593796056,-138.986902084358,-312.0500000000011,168.66,105.56,0
363,2017-12-30,PROFITABLE,602.1000000000004,-1729.699999999999,1691.75,1905.906321310584,-423.5347380690218,-367.239999999998,9.56,2.37,0
364,2017-12-31,UNPROFITABLE,1400.7999999999993,-221.0,322.89999999999964,574.1233537995686,-127.58296751101624,-164.65000000000146,0.0,0.0,0
365,2018-01-17,PROFITABLE,1786.3099999999995,-489.3999999999997,2487.029999999999,2230.216587340543,-495.6036860756776,-528.8999999999996,75.38,3.12,0
366,2018-02-17,UNPROFITABLE,963.3000000000012,-26.799999999999272,-1884.005000000001,-1517.2694900668755,337.17099779263845,349.1399999999994,12.11,5.88,0
