"is_profitable","EMA_diff","SMA_diff"
"PROFITABLE",-0.5794545454545386,-3.1869999999999834
"UNPROFITABLE",0.015394899752251945,2.022999999999996
"PROFITABLE",-0.005585991111800581,-0.09999999999999432
"PROFITABLE",0.6107305701931836,0.8889999999999816
"PROFITABLE",0.6582341028853307,0.8719999999999999
"UNPROFITABLE",0.9331006296334579,2.170000000000016
"PROFITABLE",0.9742831248565693,0.5500000000000114
"PROFITABLE",-1.293971167891911,-2.8799999999999955
"PROFITABLE",-1.470521864638826,-2.265000000000015
"UNPROFITABLE",-1.574063343795416,-2.039999999999978
"PROFITABLE",-1.7931260556455868,-1.8490000000000038
"PROFITABLE",-1.6452849546191004,-0.9799999999999898
"UNPROFITABLE",-1.3625058719610905,-0.0899999999999892
"UNPROFITABLE",-0.2112359840281357,0.27599999999999625
"UNPROFITABLE",-0.6015968462773174,-1.3539999999999992
"PROFITABLE",-0.8822156014996239,-2.144999999999996
"PROFITABLE",-2.1827660247558214,-3.372
"PROFITABLE",-2.274626747527492,-2.6880000000000024
"PROFITABLE",-1.207086356587368,0.34600000000000364
"PROFITABLE",-0.24414871804607685,1.4159999999999968
"UNPROFITABLE",1.0705060740378798,2.3940000000000055
"PROFITABLE",0.68370071074294,-0.1980000000000075
"PROFITABLE",0.4161798146295723,-0.018000000000000682
"UNPROFITABLE",0.2302856610330224,-0.14300000000000068
"PROFITABLE",0.1087791772088309,-0.4379999999999882
"UNPROFITABLE",0.255910235898142,0.9179999999999922
"PROFITABLE",0.3735629202802926,0.9030000000000058
"UNPROFITABLE",0.8843120727906353,1.2390000000000043
"UNPROFITABLE",0.9732398282917529,1.2630000000000194
"UNPROFITABLE",0.3942619024262086,-0.3090000000000117
"PROFITABLE",0.3177125131944081,0.21400000000001285
"PROFITABLE",0.5452255856414467,1.0499999999999972
"UNPROFITABLE",0.7406391155248144,1.6200000000000045
"UNPROFITABLE",1.1633432871657448,1.4509999999999934
"PROFITABLE",1.0885391234952806,1.1069999999999993
"UNPROFITABLE",1.087898090934857,0.9120000000000061
"PROFITABLE",1.038880321781761,1.2049999999999983
"PROFITABLE",0.7516853583297518,-0.7349999999999852
"PROFITABLE",0.5126819340885049,-0.07299999999997908
"PROFITABLE",0.07665484843941783,-0.9440000000000452
"UNPROFITABLE",-0.06863306948736181,-0.17900000000000205
"UNPROFITABLE",0.16699400106685403,-0.7820000000000107
"UNPROFITABLE",-0.14340225114406735,-0.2150000000000034
"PROFITABLE",-0.17805638729970497,-0.33399999999997476
"UNPROFITABLE",-0.10713704415428538,0.21199999999998909
"UNPROFITABLE",0.2535733797762134,0.4749999999999943
"PROFITABLE",-0.06507632563761945,-1.4989999999999952
"PROFITABLE",-0.0954260846125976,-0.23199999999999932
"UNPROFITABLE",-0.13636012165449074,-0.6840000000000259
"PROFITABLE",-0.2886036990762477,-0.1280000000000001
"PROFITABLE",0.14677879166490015,2.1060000000000088
"PROFITABLE",0.5232320836765041,1.1510000000000105
"PROFITABLE",0.8449074279156719,1.3550000000000182
"PROFITABLE",2.356712358073537,4.401999999999987
"PROFITABLE",3.4058322397021357,5.857000000000028
"UNPROFITABLE",4.159135468847182,7.548999999999978
"UNPROFITABLE",4.452201747238604,5.770999999999987
"UNPROFITABLE",4.396346884104332,4.14500000000001
"PROFITABLE",4.229192905176262,3.4770000000000323
"PROFITABLE",4.352104341481635,4.258999999999986
"UNPROFITABLE",4.142085370303164,3.1970000000000027
"PROFITABLE",3.850069848429854,2.5360000000000014
"UNPROFITABLE",3.5462389668971355,2.179000000000002
"PROFITABLE",2.424143440650141,-0.7400000000000375
"PROFITABLE",2.289208269622833,1.6820000000000164
"PROFITABLE",2.6440794933278084,4.241000000000014
"PROFITABLE",3.3982468581772878,6.79200000000003
"PROFITABLE",5.036842938118667,9.78600000000003
"PROFITABLE",8.685573630269374,12.262000000000057
"PROFITABLE",9.583832970220385,13.625999999999976
"PROFITABLE",10.643317884725775,15.411000000000001
"PROFITABLE",12.204896451139263,19.23199999999997
"PROFITABLE",14.153211673903115,17.271000000000015
"UNPROFITABLE",19.470702712453317,36.54499999999996
"UNPROFITABLE",20.39421131018912,24.55000000000001
"PROFITABLE",21.489991071972895,26.421000000000106
"PROFITABLE",24.49162905888693,37.99899999999991
"PROFITABLE",27.51333286636202,41.11099999999999
"PROFITABLE",32.01861131448379,38.115999999999985
"PROFITABLE",35.06759107548669,48.78800000000001
"PROFITABLE",37.030271711689466,32.83899999999994
"PROFITABLE",39.20010824779979,23.341999999999985
"PROFITABLE",37.01627038456354,27.188999999999965
"PROFITABLE",35.385312132824765,28.045999999999935
"PROFITABLE",15.61479905084775,-30.37299999999982
"PROFITABLE",8.483381041602797,-23.608000000000175
"PROFITABLE",-4.534555357287331,-17.006999999999948
"PROFITABLE",-21.08107265713602,-25.607999999999834
"PROFITABLE",-21.136503183702644,-20.701999999999998
"UNPROFITABLE",-12.14084509460497,5.295000000000073
"PROFITABLE",-6.203782350131405,20.513000000000034
"UNPROFITABLE",-0.9848129781870512,13.080999999999904
"PROFITABLE",1.8915166542105908,14.835000000000036
"PROFITABLE",4.351604535263164,15.422000000000025
"PROFITABLE",5.905494619760816,12.89799999999991
"PROFITABLE",10.85501395778033,17.154999999999973
"UNPROFITABLE",12.849011420002057,21.82199999999989
"PROFITABLE",11.11632073810756,11.447000000000003
"UNPROFITABLE",10.66808247757615,6.08299999999997
"UNPROFITABLE",9.137158390744048,2.2479999999999336
"UNPROFITABLE",1.4654053094309347,-11.765999999999963
"UNPROFITABLE",1.1392374998413288,0.17200000000013915
"PROFITABLE",-1.0698388514935004,-0.7290000000000418
"UNPROFITABLE",0.027404576050798823,4.9650000000001455
"PROFITABLE",-0.7639417105040138,-4.325000000000273
"UNPROFITABLE",-1.1248613995031747,-2.74899999999991
"UNPROFITABLE",-2.5425243878571564,-3.399000000000001
"UNPROFITABLE",-2.316792680974004,-1.3010000000000446
"UNPROFITABLE",-1.0148281583379912,2.675999999999931
"UNPROFITABLE",-1.2966775840947093,-2.564999999999941
"PROFITABLE",-13.097271511904523,-21.859000000000037
"PROFITABLE",-11.131811972503442,-12.488999999999919
"PROFITABLE",-5.813333340221675,0.3649999999998954
"UNPROFITABLE",3.36162237796259,9.043999999999869
"PROFITABLE",3.382418309242098,3.4760000000001128
"PROFITABLE",-3.668019911763963,-7.687000000000012
"UNPROFITABLE",-3.8263799278067836,-4.538999999999987
"PROFITABLE",-6.22686774408055,-15.112999999999943
"UNPROFITABLE",-8.963286690784912,-12.850000000000136
"PROFITABLE",-11.13599125621181,-13.63900000000001
"UNPROFITABLE",-11.273447391445984,-11.891999999999996
"PROFITABLE",-5.3699835392019395,-3.065999999999974
"PROFITABLE",-4.188895622983409,1.1259999999999764
"PROFITABLE",-2.4512782369864112,5.368000000000052
"PROFITABLE",0.6467319047609976,2.6550000000000296
"UNPROFITABLE",5.349633682772776,7.724000000000103
"UNPROFITABLE",3.2166803992115547,-5.413999999999987
"PROFITABLE",-2.180722063861481,-5.05299999999994
"UNPROFITABLE",-3.203807952332852,-5.353999999999985
"PROFITABLE",-2.3019378443927963,-0.012000000000000455
"UNPROFITABLE",-1.3512175532450783,-0.7919999999999732
"PROFITABLE",0.19073436952817246,-0.3280000000000882
"UNPROFITABLE",0.7249644841593863,3.129000000000019
"PROFITABLE",1.5546073052213387,5.288000000000011
"UNPROFITABLE",3.7235470390324963,7.955000000000041
"PROFITABLE",4.522356668299267,8.117000000000075
"UNPROFITABLE",7.338139587869819,13.536000000000001
"UNPROFITABLE",9.110424021631786,13.079999999999927
"UNPROFITABLE",10.270135088860968,12.960999999999899
"PROFITABLE",10.758255720642524,10.56499999999994
"UNPROFITABLE",11.880584408033428,14.245999999999981
"UNPROFITABLE",9.587565624008448,7.791000000000054
"UNPROFITABLE",8.341709219377549,3.383000000000038
"PROFITABLE",0.2582858081913173,-6.425000000000068
"PROFITABLE",-1.9320400788139978,-6.150999999999954
"UNPROFITABLE",-3.7385394975125337,-3.8029999999999973
"UNPROFITABLE",-2.7802595888738324,1.532000000000039
"UNPROFITABLE",-2.3871214818059343,-0.6179999999999382
"PROFITABLE",-2.007246611787423,-2.660000000000082
"PROFITABLE",-1.8432017732806116,-1.1049999999999045
"PROFITABLE",-1.2602570193249676,0.46500000000003183
"UNPROFITABLE",1.4308043823531307,4.86099999999999
"UNPROFITABLE",3.7018132335646214,5.467000000000098
"UNPROFITABLE",3.3911972885845216,2.826999999999998
"PROFITABLE",2.1753800031020774,-2.3039999999999736
"UNPROFITABLE",0.4895507304744342,-1.8659999999999854
"UNPROFITABLE",-0.3627193970579583,-1.9010000000000673
"UNPROFITABLE",-0.3149522339565465,-0.09999999999990905
"UNPROFITABLE",-0.18568819141898985,0.39599999999995816
"UNPROFITABLE",0.06516740905010465,0.7140000000000555
"PROFITABLE",-2.9966310020786295,-5.661000000000058
"UNPROFITABLE",-3.0222614579379297,-3.0079999999999245
"UNPROFITABLE",-0.5250171431868011,2.20799999999997
"UNPROFITABLE",-0.3417412989709874,0.48300000000006094
"UNPROFITABLE",-0.8627193819556851,-1.9689999999999372
"UNPROFITABLE",-2.6783493383339874,-8.281000000000063
"PROFITABLE",-3.7991949131824185,-8.842999999999847
"UNPROFITABLE",-4.289159474421922,-6.494000000000142
"UNPROFITABLE",-5.274221388163369,-9.70699999999988
"PROFITABLE",-6.699272044861004,-13.11200000000008
"PROFITABLE",-7.3744953094317225,-10.413000000000011
"PROFITABLE",-6.522271000968658,-4.858000000000004
"UNPROFITABLE",-4.231817777507899,0.5489999999999782
"UNPROFITABLE",-2.6021424791581467,1.9350000000000591
"UNPROFITABLE",-1.2861165738567024,4.635999999999967
"UNPROFITABLE",-1.7973735622235267,-2.064999999999941
"PROFITABLE",-2.0287601872738037,-3.069999999999993
"UNPROFITABLE",-2.0623766542907447,-2.8229999999999222
"UNPROFITABLE",-2.44659096993081,-3.391999999999882
"UNPROFITABLE",-2.5288471572161484,-2.8990000000000578
"UNPROFITABLE",-3.859474499636633,-7.045999999999992
"PROFITABLE",-5.162077970831092,-7.560000000000059
"PROFITABLE",-4.759026189182009,-1.9329999999999927
"UNPROFITABLE",-4.293021427512542,-2.1959999999999695
"PROFITABLE",-6.243706996265814,-6.333000000000027
"PROFITABLE",-5.549214815126561,-2.423999999999978
"PROFITABLE",-3.931428700396168,-2.1310000000000286
"PROFITABLE",-3.153350754869564,0.34799999999995634
"PROFITABLE",-2.018196072166006,3.090000000000032
"PROFITABLE",2.362039858651599,4.756999999999948
"UNPROFITABLE",2.514155564956468,2.1289999999999623
"UNPROFITABLE",2.4966727349643634,2.4180000000000064
"PROFITABLE",-2.459155040540054,-5.396000000000015
"PROFITABLE",-3.1113369372545776,-1.6779999999999973
"PROFITABLE",-1.6368840683919643,0.9900000000000091
"PROFITABLE",0.5102430609633188,4.194999999999993
"PROFITABLE",4.003190268627861,3.6639999999999873
"PROFITABLE",0.26165728139545763,-7.0639999999999645
"PROFITABLE",-0.7524622243128078,-5.315999999999974
"UNPROFITABLE",-1.1677960968319212,-1.773999999999944
"UNPROFITABLE",0.4574582010149584,-0.7300000000000182
"UNPROFITABLE",0.4452736717538528,0.6419999999999959
"UNPROFITABLE",0.46304209507138694,0.5430000000000064
"UNPROFITABLE",-0.8457057195289508,-3.1689999999999827
"UNPROFITABLE",-1.7531270559271661,-1.7970000000000255
"UNPROFITABLE",-2.5099941448768845,-4.773000000000025
"UNPROFITABLE",-3.0594497548992763,-5.532000000000039
"PROFITABLE",-3.42154979946298,-5.050999999999988
"PROFITABLE",-3.07588264748955,-2.9669999999999845
"PROFITABLE",-2.6517359504254614,-2.6340000000000714
"PROFITABLE",-1.359566113446533,-1.9220000000000255
"UNPROFITABLE",-1.1241904564562333,-0.06499999999994088
"UNPROFITABLE",-1.874744434828358,-4.144999999999982
"PROFITABLE",-2.530427264859611,-5.4809999999999945
"PROFITABLE",-3.042167762157817,-5.345000000000027
"PROFITABLE",-3.028500896310959,-2.9669999999999845
"PROFITABLE",-2.9010956413321196,-2.9319999999999595
"UNPROFITABLE",-3.395074923013624,-4.8589999999999804
"PROFITABLE",-6.31767882345639,-9.507999999999925
"PROFITABLE",-6.496464491918914,-7.301000000000045
"PROFITABLE",-6.626939040044874,-6.347999999999956
"PROFITABLE",-6.126768305491282,-3.876000000000033
"PROFITABLE",-4.485340766485876,0.7019999999999413
"PROFITABLE",-2.401642445306635,6.975000000000051
"PROFITABLE",-1.1671620007054173,4.387999999999948
"UNPROFITABLE",1.5993016947866465,1.8649999999999807
"UNPROFITABLE",1.5832468411890943,1.5110000000000525
"PROFITABLE",0.8023387945150091,-0.6440000000000339
"PROFITABLE",-1.2621063567507065,-5.635999999999996
"PROFITABLE",-1.7819052009778318,-4.1209999999999525
"PROFITABLE",-1.1072085612140086,-1.6469999999999914
"UNPROFITABLE",-0.0658007723829428,3.0470000000000255
"PROFITABLE",0.4297697308841464,1.1570000000000107
"UNPROFITABLE",0.6399934161779584,1.5860000000000127
"UNPROFITABLE",1.2638480758421622,0.34600000000000364
"PROFITABLE",0.552589967910535,0.2589999999999577
"PROFITABLE",0.8479486562045793,1.7930000000000348
"PROFITABLE",1.055957991440124,1.9919999999999618
"PROFITABLE",1.443783811178264,3.1890000000000214
"UNPROFITABLE",2.1941693281441417,3.710999999999956
"UNPROFITABLE",2.4732294502997547,3.728999999999985
"UNPROFITABLE",2.866393268382467,3.8789999999999623
"PROFITABLE",3.0346854014038627,3.79200000000003
"UNPROFITABLE",-0.209363701680104,-3.001000000000033
"PROFITABLE",-0.8323884831928581,-3.636000000000024
"UNPROFITABLE",-1.2879790672612899,-1.8600000000000136
"UNPROFITABLE",-1.7136192368502066,-3.629000000000019
"UNPROFITABLE",-2.316132355233549,-0.3499999999999943
"UNPROFITABLE",-1.9891363538431506,-1.579999999999984
"PROFITABLE",-0.9984492601300872,0.75
"UNPROFITABLE",-0.2671912176069213,0.038000000000010914
"UNPROFITABLE",-0.21449990600135038,-0.3849999999999909
"UNPROFITABLE",-2.058837560921887,-2.691999999999979
"PROFITABLE",-2.009571561861094,-1.1440000000000055
"UNPROFITABLE",-0.9297262724242898,1.1869999999999834
"PROFITABLE",-0.4899237059333643,-0.9140000000000157
"UNPROFITABLE",-0.18733735686447517,0.24900000000002365
"PROFITABLE",-0.09491238288910608,0.32099999999996953
"UNPROFITABLE",0.13179895945432918,1.1520000000000437
"PROFITABLE",0.05441087368433273,0.07499999999996021
"PROFITABLE",0.5474783868475583,0.804000000000002
"UNPROFITABLE",-0.004478268771975991,-0.5149999999999579
"PROFITABLE",-1.0192372775253205,-1.453000000000003
"UNPROFITABLE",-0.9904668634298162,-0.86099999999999
"UNPROFITABLE",-0.3267325381437445,0.41799999999997794
"UNPROFITABLE",0.6670451347065409,2.52800000000002
"UNPROFITABLE",1.2123525281919854,2.052000000000021
"UNPROFITABLE",1.41892704989192,1.7010000000000218
"UNPROFITABLE",1.2536123226549307,0.6969999999999743
"PROFITABLE",0.7952446126863606,-0.7310000000000514
"UNPROFITABLE",0.6817455921979274,0.1710000000000491
"PROFITABLE",0.5577918481619122,-0.000000000000028421709430404007
"PROFITABLE",1.658879043782008,1.2169999999999845
"PROFITABLE",1.7539919449125705,2.1820000000000164
"PROFITABLE",2.0621752276557004,3.4490000000000123
"UNPROFITABLE",2.8547619292571085,3.5710000000000264
"UNPROFITABLE",2.8188052148467477,2.6569999999999823
"UNPROFITABLE",2.5593860848746317,1.391999999999996
"UNPROFITABLE",2.089175808882999,1.325999999999965
"PROFITABLE",-0.37085523385951547,-1.599999999999909
"UNPROFITABLE",0.11500866605291549,1.4599999999999795
"UNPROFITABLE",0.6425760491758865,1.9529999999999745
"PROFITABLE",-1.2950771213280632,-2.0179999999999723
"PROFITABLE",-2.3478443662396558,-4.992000000000019
"PROFITABLE",-2.6191453905597655,-3.839999999999975
"UNPROFITABLE",-2.6723916831852534,-2.9120000000000346
"PROFITABLE",-3.5498881110155196,-5.5190000000000055
"PROFITABLE",-3.5203925115930303,-3.320999999999998
"UNPROFITABLE",-1.2531320104628776,-0.22700000000000387
"UNPROFITABLE",0.5326434296208618,1.3829999999999814
"UNPROFITABLE",0.6068900787807081,0.9410000000000309
"UNPROFITABLE",0.649637337184231,0.8419999999999561
"UNPROFITABLE",0.7495214576962042,1.1990000000000407
"UNPROFITABLE",0.35490159715490677,-0.47199999999998
"PROFITABLE",0.023074163555236282,0.29500000000004434
"UNPROFITABLE",0.2531503119697902,0.48500000000001364
"PROFITABLE",0.49807218068502834,0.5240000000000293
"PROFITABLE",1.1223557791079202,1.6809999999999832
"PROFITABLE",1.5939334056872099,1.9510000000000218
"PROFITABLE",1.7812281476088003,1.9219999999999686
"UNPROFITABLE",2.265808654851071,2.966000000000008
"UNPROFITABLE",2.3876616266963424,2.935999999999922
"PROFITABLE",2.3529305104331115,2.3149999999999977
"PROFITABLE",2.7065795085361515,4.298000000000002
"PROFITABLE",3.1312014160750437,5.04200000000003
"UNPROFITABLE",3.6266193404250657,5.8559999999999945
"PROFITABLE",3.8381430967114056,4.7900000000000205
"PROFITABLE",6.201761320437697,12.177000000000021
"PROFITABLE",7.923355373853553,8.06800000000004
"UNPROFITABLE",7.603816407290424,5.951000000000022
"PROFITABLE",4.876536559665453,-1.4350000000000023
"UNPROFITABLE",3.5709844579080823,-2.3039999999999736
"UNPROFITABLE",1.7095327382884307,-6.66700000000003
"PROFITABLE",-1.228874778501165,-6.617999999999995
"UNPROFITABLE",-2.864577970926689,-1.4800000000000182
"UNPROFITABLE",-2.0555637943945158,1.5850000000000364
"PROFITABLE",-1.7291209662761844,-1.2860000000000014
"PROFITABLE",2.975173615764959,4.312999999999931
"UNPROFITABLE",3.5515790320409906,3.609999999999957
"PROFITABLE",3.5876555716698704,3.75
"PROFITABLE",4.055247867578828,3.815999999999974
"UNPROFITABLE",5.423694853503093,7.58099999999996
"PROFITABLE",5.759568516502554,7.271000000000015
"PROFITABLE",6.185101513502104,8.100000000000023
"UNPROFITABLE",5.81435092778554,4.476000000000056
"PROFITABLE",2.894991492193185,0.863999999999919
"UNPROFITABLE",1.9228124865094856,-0.9670000000000414
"PROFITABLE",-0.6516436493873243,-4.1340000000000146
"UNPROFITABLE",-1.1646870710774806,-1.6060000000000514
"UNPROFITABLE",-0.8830927683215464,1.469000000000051
"PROFITABLE",-0.7533193653897001,-6.763000000000034
"UNPROFITABLE",-1.3721703898642659,-4.156999999999982
"UNPROFITABLE",-3.2465107568513076,-6.606000000000051
"PROFITABLE",-3.8827815283328846,-6.745999999999981
"PROFITABLE",-4.088398853042293,-4.488000000000056
"UNPROFITABLE",-1.3294049703093833,-0.6879999999999882
"UNPROFITABLE",-1.1000586120712796,-0.06799999999998363
"UNPROFITABLE",-1.9020020497370638,-0.9430000000000405
"UNPROFITABLE",-1.357198404861208,-0.36700000000001864
"UNPROFITABLE",3.9784271425830298,5.349000000000046
"UNPROFITABLE",2.8283311270490685,1.6200000000000045
"UNPROFITABLE",2.3663704238924197,1.6910000000000878
"UNPROFITABLE",-0.6291003061453466,-1.7830000000000723
"PROFITABLE",0.0019022469163019196,0.09399999999999409
"UNPROFITABLE",0.1133745656588303,0.6149999999999523
"UNPROFITABLE",0.359670099175446,1.4680000000000177
"UNPROFITABLE",0.31363774613225814,0.45100000000002183
"UNPROFITABLE",0.3340672468355024,0.4259999999999309
"UNPROFITABLE",0.216826118877691,0.38299999999998136
"UNPROFITABLE",0.3012472366040697,0.4830000000000041
"UNPROFITABLE",0.3702648358236047,0.5679999999999268
"UNPROFITABLE",2.1787780700152553,3.1720000000000255
"UNPROFITABLE",0.3530261670215964,1.384999999999934
"UNPROFITABLE",0.5694918900775292,0.8950000000000955
"UNPROFITABLE",-0.7623899782341255,-1.15199999999993
"UNPROFITABLE",1.2166913721446235,7.54200000000003
"PROFITABLE",6.298415289776301,9.381999999999948
"PROFITABLE",6.7925718082804,4.607999999999947
"PROFITABLE",8.036680301410797,13.48099999999988
"PROFITABLE",9.898204312342955,11.94900000000007
"UNPROFITABLE",14.661335579658271,15.975999999999885
"PROFITABLE",9.312166792994276,-7.66599999999994
"PROFITABLE",6.157227376086212,-8.040000000000077
"PROFITABLE",0.19934542236433117,-13.69399999999996
"UNPROFITABLE",-1.5392628362473033,-9.362999999999943
"PROFITABLE",-4.060408952163016,0.9650000000000318
"UNPROFITABLE",-1.3661527790425225,10.758000000000038
"PROFITABLE",-0.4872159101256557,3.467999999999961
"UNPROFITABLE",0.047152985783668555,0.5510000000000446
"PROFITABLE",0.4773834037064262,-1.47199999999998
"PROFITABLE",-0.33440403580914335,-2.8640000000000327
"UNPROFITABLE",-0.8824357595086667,-0.4189999999999827
"PROFITABLE",-1.2053866781982379,-1.655999999999949
"UNPROFITABLE",-0.524275315589648,-2.511000000000081
"UNPROFITABLE",-0.7576798036642458,-1.807999999999879
"UNPROFITABLE",-2.033269120404384,-4.434999999999945
"PROFITABLE",-3.628856553058199,-10.808999999999969
"PROFITABLE",-4.695064452502152,-9.493000000000052
"PROFITABLE",-5.666001823575812,-7.673999999999978
"UNPROFITABLE",-1.5231882544181872,-1.0399999999999636
"UNPROFITABLE",-0.6260965874760132,0.9710000000001173
"PROFITABLE",-0.5585054670440286,-0.7870000000000346
"UNPROFITABLE",0.25023769711674504,-1.3630000000000564
"UNPROFITABLE",-0.07162370235903381,-1.5199999999999818
"UNPROFITABLE",-0.4074009908354128,-1.1940000000000737
"UNPROFITABLE",-0.5358762752208577,-0.6330000000000382
"UNPROFITABLE",-0.36799810407239875,-0.35399999999992815
"UNPROFITABLE",-0.2752711760592774,0.14199999999993906
"UNPROFITABLE",0.619537415631612,1.1679999999998927
"UNPROFITABLE",0.5974397036985692,0.4980000000000473
"UNPROFITABLE",2.021412266685843,2.6140000000000327
"UNPROFITABLE",2.1264068688309408,1.884999999999991
"UNPROFITABLE",1.9901510744980442,1.3770000000000664
"PROFITABLE",1.3590102234243204,-0.8239999999999554
"PROFITABLE",5.479910941360117,3.494000000000142
"UNPROFITABLE",2.86840963906252,2.1409999999999627
"UNPROFITABLE",2.6116078865057943,1.4560000000000173
"UNPROFITABLE",0.8986796595617079,-3.578000000000088
"UNPROFITABLE",1.2734174746522058,3.2679999999999154
"UNPROFITABLE",2.2945254237578183,2.8350000000000364
"UNPROFITABLE",2.15915716489269,1.5500000000000682
"PROFITABLE",0.9609866002184617,1.7519999999999527
"UNPROFITABLE",1.8283630273912195,1.7050000000001546
"UNPROFITABLE",2.5258186678950096,3.5
"UNPROFITABLE",2.0865984755180307,0.21500000000003183
"UNPROFITABLE",1.723009983961333,1.9389999999998508
"UNPROFITABLE",1.7859172596046164,2.0690000000000737
"PROFITABLE",2.0396263329189424,2.6230000000000473
"PROFITABLE",3.8610721732763977,8.44500000000005
"PROFITABLE",9.58756033032887,14.236999999999966
"UNPROFITABLE",13.112699835319063,16.036000000000058
"PROFITABLE",13.082390774352007,12.945999999999913
"PROFITABLE",13.136319724469786,13.378999999999905
"PROFITABLE",12.914643782496341,14.502000000000066
"UNPROFITABLE",14.414629308943859,10.576999999999884
"UNPROFITABLE",7.964123752268165,-6.733000000000175
"UNPROFITABLE",5.383373979128578,-6.2299999999999045
"UNPROFITABLE",1.7155643992513205,-5.605999999999881
"PROFITABLE",-2.606720036976185,-22.057000000000016
"PROFITABLE",-6.076770939344215,-21.692000000000007
"UNPROFITABLE",-8.969358041281566,-21.98599999999999
"PROFITABLE",-13.140904592106835,-7.067000000000007
"PROFITABLE",-6.480346904501971,-1.2650000000002137
"UNPROFITABLE",3.7267104931733,7.974000000000046
"PROFITABLE",4.152855729383418,6.435000000000059
"PROFITABLE",9.13475764797704,11.839999999999918
"UNPROFITABLE",10.014983530163022,13.976000000000113
"UNPROFITABLE",1.767763865815823,-1.9859999999998763
"PROFITABLE",1.3451199182854907,5.349000000000046
"PROFITABLE",2.7607344785973282,9.1310000000002
"PROFITABLE",12.62763774763198,17.462999999999965
"PROFITABLE",9.334621541020624,-1.5199999999999818
"PROFITABLE",5.225540039856696,-6.324999999999818
"PROFITABLE",3.4268963962465477,-4.667000000000144
"UNPROFITABLE",2.265097051474413,-2.9629999999999654
"UNPROFITABLE",0.6001393485075823,-1.5150000000003274
"UNPROFITABLE",-7.650078084643837,-15.174999999999955
"PROFITABLE",-7.39533661470864,-6.249000000000024
"PROFITABLE",-14.33663708278823,-30.248000000000047
"UNPROFITABLE",-16.7632485222814,-27.682999999999993
"PROFITABLE",-17.73520333641204,-22.108999999999696
"PROFITABLE",-8.054804800915235,-2.7799999999999727
"PROFITABLE",-5.547084205571309,3.136000000000081
"UNPROFITABLE",0.9832080937910632,20.629000000000133
"PROFITABLE",5.919155831380749,15.805999999999813
"UNPROFITABLE",10.821617300616026,9.819999999999936
"UNPROFITABLE",4.5611909595656925,2.241999999999962
"PROFITABLE",3.8249866734315674,3.79300000000012
"PROFITABLE",6.267837178761511,9.81399999999985
"UNPROFITABLE",7.379503146259367,12.38200000000029
"UNPROFITABLE",7.943411665121403,10.480999999999767
"PROFITABLE",13.104763194786074,22.110999999999876
"PROFITABLE",15.865351704824889,28.28800000000024
"UNPROFITABLE",20.169764364386765,28.995999999999867
"PROFITABLE",31.98723927173819,43.92399999999975
"PROFITABLE",32.69947422322957,27.142000000000053
"UNPROFITABLE",32.478115273551566,31.48199999999997
"UNPROFITABLE",31.50463976926926,27.12400000000025
"PROFITABLE",26.641899349676123,15.5649999999996
"PROFITABLE",24.225627818117346,23.2349999999999
"PROFITABLE",24.146626886508102,19.262999999999693
"PROFITABLE",27.922876543506845,44.91599999999994
"PROFITABLE",32.218898990141724,51.55099999999993
"UNPROFITABLE",42.30861560016024,46.79699999999957
"PROFITABLE",36.15150300506593,26.71499999999969
"PROFITABLE",29.835700358763006,9.073999999999614
"PROFITABLE",28.869391202624684,24.521000000000186
"PROFITABLE",27.883683711238064,23.447999999999865
"PROFITABLE",40.76712983023663,57.63599999999951
"PROFITABLE",45.22956587258477,17.10799999999972
"UNPROFITABLE",-7.065324766758749,4.578000000000429
"UNPROFITABLE",-5.27362935462088,2.78899999999976
"PROFITABLE",-0.5149765586165813,-4.010999999999967
"UNPROFITABLE",-2.060901511067641,-5.027999999999338
"PROFITABLE",-9.592173738814381,-25.455000000000382
"PROFITABLE",-11.465233059029742,-19.894000000000233
"UNPROFITABLE",-3.2916997999923296,-2.087999999999738
"PROFITABLE",-5.5735841636314944,-9.67599999999993
"PROFITABLE",-30.769092071941486,-67.8739999999998
"PROFITABLE",-30.45198442249739,-29.024999999999636
"UNPROFITABLE",-29.50544180022507,-25.24600000000055
"PROFITABLE",-6.522586831228182,32.996999999999844
"UNPROFITABLE",16.456840120236848,52.152000000000044
"PROFITABLE",33.02532565563661,44.33699999999999
"UNPROFITABLE",35.932175536429895,49.013000000000375
"UNPROFITABLE",37.63577998435176,45.30199999999968
"PROFITABLE",29.69436544174232,-6.042000000000371
"UNPROFITABLE",21.295831411414383,-9.185999999999694
"PROFITABLE",17.065134791157107,-1.973000000000411
"PROFITABLE",14.869110283674217,4.98700000000008
"UNPROFITABLE",42.94464975157325,69.34900000000061
"PROFITABLE",77.42994072176316,126.85299999999961
"UNPROFITABLE",89.33795149962407,142.9240000000009
"UNPROFITABLE",94.76469480553396,116.26900000000023
"PROFITABLE",77.13666746292756,35.11200000000099
"UNPROFITABLE",67.03563701512257,21.58099999999922
"PROFITABLE",56.27024846691802,7.826000000000022
"PROFITABLE",27.101657498078566,22.203999999999724
"UNPROFITABLE",29.179901589337533,38.53200000000015
"PROFITABLE",39.396314287077075,70.16499999999905
"UNPROFITABLE",46.62407532578982,79.14900000000034
"PROFITABLE",31.970193022164494,-13.529000000000451
"PROFITABLE",26.59615792722616,2.4130000000004657
"PROFITABLE",-45.588873839732514,-108.13600000000042
"UNPROFITABLE",-52.7021655585022,-30.10899999999947
"UNPROFITABLE",-48.14845793585664,-53.02299999999968
"PROFITABLE",-48.48710194751948,-50.01099999999951
"PROFITABLE",-7.048662514696844,26.730999999999767
"UNPROFITABLE",6.463192862062897,10.952999999999975
"PROFITABLE",9.617157796233187,23.809999999999945
"PROFITABLE",39.11586915003318,22.6220000000003
"PROFITABLE",39.92662021366232,43.57499999999891
"PROFITABLE",43.560291612141555,42.27400000000034
"PROFITABLE",54.50551131902557,103.75900000000001
"UNPROFITABLE",104.78792830766088,117.86200000000099
"PROFITABLE",103.5575777062677,98.02100000000064
"PROFITABLE",101.75619994149201,93.64999999999873
"UNPROFITABLE",105.60889086122006,122.94599999999991
"UNPROFITABLE",86.01125878123912,28.311000000000604
"PROFITABLE",64.82466627556005,-30.515000000000327
"PROFITABLE",54.358545134548876,7.2609999999995125
"UNPROFITABLE",47.73408238281263,17.923999999999978
"PROFITABLE",42.99184248558413,75.88899999999921
"UNPROFITABLE",56.051143851841516,114.81800000000021
"PROFITABLE",112.53044879763092,139.128999999999
"UNPROFITABLE",70.54011519440428,-40.97099999999864
"PROFITABLE",37.1977306136032,-112.84300000000076
"UNPROFITABLE",18.6477795929477,-64.82700000000114
"PROFITABLE",24.598857425188726,33.046000000001186
"PROFITABLE",36.36106516606287,89.29100000000017
"PROFITABLE",79.03965519381018,171.36599999999908
"UNPROFITABLE",106.55026334039121,230.34800000000087
"PROFITABLE",122.74994488075754,161.79399999999896
"PROFITABLE",130.6439796309205,145.8859999999995
"PROFITABLE",164.65189117275713,185.21199999999953
"PROFITABLE",171.67809277771084,203.29600000000028
"PROFITABLE",209.4218802892119,282.10499999999956
"PROFITABLE",250.93279589608392,340.35100000000057
"PROFITABLE",304.67810303787337,496.09500000000116
"PROFITABLE",469.8831122212614,522.1799999999985
"UNPROFITABLE",337.8435993810526,116.91999999999825
"UNPROFITABLE",255.80112676631506,-113.38999999999942
"PROFITABLE",-48.017028023099556,-368.02999999999884
"UNPROFITABLE",-101.06120474617273,-339.7600000000002
"PROFITABLE",-246.22961712585493,-367.23999999999796
"PROFITABLE",-192.4993304726795,-17.459999999999127
"PROFITABLE",-54.42761225738832,157.26000000000022
"UNPROFITABLE",45.51189381244512,187.11000000000058
"PROFITABLE",67.98779668436327,164.3199999999997
"UNPROFITABLE",70.47910637811765,81.69000000000051
"PROFITABLE",25.231302616755784,-100.14999999999964
"UNPROFITABLE",-28.839210644980994,-182.72000000000116
"UNPROFITABLE",-89.22662689134995,-360.97000000000116
"PROFITABLE",-245.69303122478777,-528.8999999999996
"PROFITABLE",-273.7693845389076,-298.7999999999993
"UNPROFITABLE",-261.70404189546935,-207.41000000000167
"PROFITABLE",-274.16251430638295,-349.1800000000003
"UNPROFITABLE",-265.97292280014153,-256.0400000000009
"PROFITABLE",-161.75834580443734,-203.76499999999942
"UNPROFITABLE",-172.06573747635775,-218.44900000000052
"PROFITABLE",-288.69314880010825,-416.4999999999982
"PROFITABLE",-291.30912174554214,-303.08100000000013
"PROFITABLE",-218.92808997182692,-104.0570000000007
"PROFITABLE",-155.61338254312432,-57.659999999999854
"PROFITABLE",-105.18149480801003,121.7619999999988
"PROFITABLE",22.44721421943177,247.98999999999978
"PROFITABLE",108.53228389895776,228.62099999999919
"UNPROFITABLE",160.24835533731857,278.1800000000003
"PROFITABLE",164.97055192002335,107.84299999999894
"UNPROFITABLE",141.5554107894368,31.84400000000096
"PROFITABLE",106.69679064590309,-50.16699999999946
"PROFITABLE",89.71191961937438,13.280000000000655
"UNPROFITABLE",66.3624796885797,-38.70999999999913
"PROFITABLE",51.498392472474734,-15.390000000001237
"PROFITABLE",-190.36573159573527,-204.86899999999878
"PROFITABLE",-177.05068948741973,-117.13299999999981
"UNPROFITABLE",-90.92770851185378,-31.523000000001048
"PROFITABLE",-129.71573798443387,-179.58199999999943
"UNPROFITABLE",-128.16760380544656,-121.20099999999911
"UNPROFITABLE",-106.96374701869445,-14.218000000000757
"PROFITABLE",-59.85111763833811,12.40899999999965
"UNPROFITABLE",-20.086450650457664,43.98500000000058
"PROFITABLE",4.154722195080467,113.23999999999978
"UNPROFITABLE",30.992772705065363,151.76400000000012
"PROFITABLE",59.92433544719279,99.09999999999854
"UNPROFITABLE",69.75445627497538,113.99000000000069
"PROFITABLE",84.77328240679708,152.35799999999836
"UNPROFITABLE",105.92486742374422,201.10700000000088
"UNPROFITABLE",116.1821839778786,91.32099999999991
"PROFITABLE",111.08032315542641,51.663000000000466
"PROFITABLE",112.27710888916954,108.496000000001
"UNPROFITABLE",85.73956392472064,22.342999999998938
"UNPROFITABLE",78.62552626365687,81.29800000000068
"UNPROFITABLE",71.08956716823195,101.24099999999999
"UNPROFITABLE",26.59484438915024,-19.661000000000058
"PROFITABLE",-5.567104169245795,-73.10300000000097
"UNPROFITABLE",-23.098903411202627,-101.99199999999837
"UNPROFITABLE",-36.78946642734627,-98.39700000000266
"UNPROFITABLE",-54.6053816223739,-134.77699999999822
"UNPROFITABLE",-82.46977400654578,-98.38500000000022
"PROFITABLE",-87.07526964171848,-107.79999999999927
"UNPROFITABLE",-87.2923807868774,-101.29500000000007
"UNPROFITABLE",-87.31829270746312,-77.45899999999983
"PROFITABLE",-55.16427615874363,-137.03499999999985
"PROFITABLE",-85.26082903336646,-117.89699999999993
"UNPROFITABLE",-84.17186075787322,-76.20400000000063
"UNPROFITABLE",-59.708782821386194,-17.718000000000757
"UNPROFITABLE",-50.79620998786959,-18.74200000000019
"PROFITABLE",-50.54257976401095,-83.13799999999992
"PROFITABLE",12.549869234269863,57.983000000000175
"PROFITABLE",-6.314143877702918,-27.949999999999818
"PROFITABLE",-3.9252086272117594,6.824999999999818
"UNPROFITABLE",15.129223976825415,59.68999999999869
"UNPROFITABLE",50.976398406540284,102.45799999999963
"PROFITABLE",78.60532455313842,147.30599999999959
"PROFITABLE",118.29590353060757,120.98300000000017
"UNPROFITABLE",100.94806436800263,75.16000000000076
"UNPROFITABLE",3.429519631441508,-114.85399999999936
"UNPROFITABLE",-32.89959429630835,-121.320999999999
"PROFITABLE",-78.20638957025585,-191.2659999999987
"UNPROFITABLE",-107.65255837964742,-83.3140000000003
"PROFITABLE",-94.58958040290418,-61.707000000000335
"UNPROFITABLE",-63.74153729450609,11.795999999999367
"UNPROFITABLE",-53.28234869550579,-6.216000000000349
"PROFITABLE",-41.343376205412824,12.382000000000517
"UNPROFITABLE",-30.316762349883902,19.302999999999884
"PROFITABLE",-23.822441922632606,5.402000000000044
"PROFITABLE",-15.176361573061513,23.731000000000677
"PROFITABLE",14.983063432767267,30.40100000000075
"PROFITABLE",39.938260855295084,54.88199999999961
"UNPROFITABLE",45.67627934781194,8.557000000000698
"UNPROFITABLE",13.848517579939653,-62.92100000000028
"UNPROFITABLE",-3.5999401618682896,-82.11799999999948
"UNPROFITABLE",-15.261223768800846,-67.73700000000008
"UNPROFITABLE",-42.5843680773487,-1.1990000000005239
"UNPROFITABLE",6.615821107085139,8.269999999999527
"PROFITABLE",2.586541402264629,-2.217999999999847
"UNPROFITABLE",9.308079329124666,39.55499999999938
"UNPROFITABLE",12.576246723830081,27.283000000000357
"UNPROFITABLE",13.988201864950497,20.341999999999643
"UNPROFITABLE",-0.6960838442764725,-20.804000000000997
"UNPROFITABLE",-5.416113186805887,22.611000000000786
"UNPROFITABLE",-0.6867960916943048,0.9680000000007567
"UNPROFITABLE",-2.976105893204476,-13.278000000000247
"UNPROFITABLE",-7.955021184181533,-10.938000000000102
"UNPROFITABLE",-9.070848891890819,-13.458000000000538
"UNPROFITABLE",1.4608697924832086,3.34900000000016
"PROFITABLE",-93.60185214617195,-195.73499999999967
"UNPROFITABLE",-126.03186796561931,-200.53300000000036
"PROFITABLE",-148.07903558029102,-185.75900000000001
"UNPROFITABLE",-150.93848365660142,-163.80599999999959
"UNPROFITABLE",-156.15730480994625,-179.64200000000073
"PROFITABLE",-159.28524938995633,-173.36099999999988
"PROFITABLE",-120.58728986121605,-43.45999999999913
"UNPROFITABLE",-105.70778261372197,-38.75000000000091
"UNPROFITABLE",-82.36193712158274,-45.297999999999774
"UNPROFITABLE",-62.69204259033768,-71.44100000000071
"PROFITABLE",-54.53918553568019,-26.825999999999567
"PROFITABLE",-42.33351543828394,12.592000000000098
"PROFITABLE",-22.672072318190203,13.17200000000048
"UNPROFITABLE",33.34854485649339,83.61200000000008
"PROFITABLE",36.28241713026591,10.89700000000039
"PROFITABLE",12.643287261230398,-15.38400000000047
"PROFITABLE",7.241598668279039,-17.065999999999804
"UNPROFITABLE",7.796760068321419,42.18000000000029
"UNPROFITABLE",4.053232201441006,-15.615000000000691
"UNPROFITABLE",-22.878669916464787,-37.30099999999993
"UNPROFITABLE",-11.486749374710143,-18.738999999999578
"UNPROFITABLE",-14.497340397490007,-28.045000000000528
"PROFITABLE",-12.386471045786493,-7.098000000000411
"UNPROFITABLE",-6.158749037461803,21.86600000000044
"UNPROFITABLE",2.855019239385001,23.240000000000236
"UNPROFITABLE",6.707062466034586,13.246999999999844
"PROFITABLE",15.481089080830316,27.436999999999898
"UNPROFITABLE",17.192345611588735,24.893000000000484
"PROFITABLE",25.16778154208305,35.19999999999982
"UNPROFITABLE",27.96056450337801,19.354999999999563
"PROFITABLE",0.14737245435344448,-24.39700000000039
"UNPROFITABLE",2.066807148400585,11.225999999999203
"UNPROFITABLE",8.508238357066148,11.375
"UNPROFITABLE",10.851687631535697,11.480999999999767
"UNPROFITABLE",5.145853500755493,7.607000000000426
"PROFITABLE",6.650425591527437,13.420999999999822
"PROFITABLE",45.51019252909373,95.97299999999905
"UNPROFITABLE",56.355612069258314,105.15999999999985
"PROFITABLE",63.79550078393822,97.27500000000055
"UNPROFITABLE",81.17469060742951,119.14000000000033
"UNPROFITABLE",59.474581389578816,24.4920000000011
"PROFITABLE",49.214293864200044,3.0429999999996653
"UNPROFITABLE",43.46151316161831,17.573999999999614
"UNPROFITABLE",21.82234422876718,1.3340000000007421
"PROFITABLE",23.96122216967069,30.983000000000175
"UNPROFITABLE",28.520454510275158,29.715000000000146
"UNPROFITABLE",11.036852117510534,-5.645999999998821
"UNPROFITABLE",9.263606277962936,1.2839999999996508
"PROFITABLE",9.438513293512187,10.591000000001259
"UNPROFITABLE",15.893004766731792,36.6299999999992
"UNPROFITABLE",23.643185718235145,58.51900000000023
"PROFITABLE",32.98502515022301,56.121000000000095
"PROFITABLE",39.66629330472824,69.73199999999997
"PROFITABLE",49.31205815841349,92.71799999999894
"UNPROFITABLE",81.06980752753407,180.20699999999943
"PROFITABLE",93.00420615889107,146.70899999999983
"PROFITABLE",132.0365677592581,216.32499999999982
"UNPROFITABLE",163.10586767355198,213.8099999999995
"PROFITABLE",155.14665521948518,128.8749999999991
"PROFITABLE",70.9395802926183,-15.26299999999992
"UNPROFITABLE",85.79504135290972,146.188000000001
"UNPROFITABLE",87.3810607403775,46.17999999999847
"PROFITABLE",77.69650424212705,34.116000000001804
"PROFITABLE",2.806771227720674,-98.3760000000002
"PROFITABLE",-39.29854370214616,-63.6309999999994
"UNPROFITABLE",-43.00971757448315,-59.70999999999913
"UNPROFITABLE",-10.537034078785837,98.60599999999977
"UNPROFITABLE",9.817881208266044,101.41499999999905
"UNPROFITABLE",47.221275850160964,127.63999999999942
"PROFITABLE",90.93381975564807,152.6830000000009
"PROFITABLE",114.70676161825759,221.6849999999995
"PROFITABLE",175.10722706214074,231.72699999999895
"PROFITABLE",196.95209486902422,295.2540000000008
"PROFITABLE",225.53441061480225,186.24599999999919
"PROFITABLE",194.03914883161815,43.85700000000179
"UNPROFITABLE",151.48870293686923,110.59000000000196
"PROFITABLE",40.50564120283707,-180.7679999999982
"PROFITABLE",38.014433711412494,26.804000000000087
"PROFITABLE",28.895991218429117,-12.137000000000626
"UNPROFITABLE",52.83584536109811,133.9350000000013
"PROFITABLE",17.83943032676325,-95.9380000000001
"UNPROFITABLE",13.080079358262083,-8.336999999999534
"PROFITABLE",-20.769207797786294,-173.09100000000035
"PROFITABLE",-48.93935183455142,-175.70499999999993
"PROFITABLE",-93.99940081486602,-204.3080000000009
"UNPROFITABLE",-102.1698733939811,-138.9369999999999
"UNPROFITABLE",-73.97759312526068,-111.36199999999917
"PROFITABLE",-85.65630614170368,-115.97199999999975
"PROFITABLE",-41.09756211667991,61.73999999999978
"PROFITABLE",6.752772467345494,105.83399999999892
"UNPROFITABLE",40.713177473284304,193.53500000000167
"UNPROFITABLE",127.10589525776777,86.44499999999789
"PROFITABLE",69.49009517255581,-91.84799999999814
"UNPROFITABLE",-27.640526385579506,-171.02299999999923
"PROFITABLE",-52.08043067911058,-162.0599999999995
"PROFITABLE",-53.111498713120454,-17.302999999999884
"PROFITABLE",-60.693351175723365,-37.30899999999929
"PROFITABLE",-50.77110550741054,-6.121000000001004
"UNPROFITABLE",6.323999558810101,-22.782000000001062
"UNPROFITABLE",3.7830905481168884,-7.65099999999984
"UNPROFITABLE",-99.32339967484222,-215.78200000000106
"UNPROFITABLE",-31.67071714333906,29.26000000000022
"UNPROFITABLE",-17.338990832076888,6.102000000000771
"UNPROFITABLE",-8.117307912381875,5.387000000002445
"PROFITABLE",-19.612642252110163,-60.71800000000076
"PROFITABLE",-42.09856819482502,-88.11999999999807
"PROFITABLE",-26.165555795765613,45.53299999999854
"PROFITABLE",0.3634543489188218,119.7440000000006
"UNPROFITABLE",45.10700663026637,128.29399999999987
"UNPROFITABLE",63.071732697491825,143.91300000000047
"UNPROFITABLE",82.24390017766564,118.29000000000087
"UNPROFITABLE",-23.57168465180621,-70.45099999999911
"UNPROFITABLE",-84.35394553155129,-151.90799999999945
"PROFITABLE",-108.8037913959688,-84.6180000000004
"UNPROFITABLE",-51.767773910999495,-7.764999999999418
"PROFITABLE",-36.675149710115875,-91.57200000000012
"UNPROFITABLE",-13.993552397890198,26.84599999999955
"UNPROFITABLE",-9.886542871001438,8.594999999999345
"UNPROFITABLE",-4.491535076273976,19.786000000000058
"UNPROFITABLE",13.55743130015253,7.418000000000575
"PROFITABLE",-3.907657837858096,-37.01600000000053
"UNPROFITABLE",-2.7908109582476754,2.234999999998763
"PROFITABLE",3.2811100196859115,17.235000000000582
"PROFITABLE",11.395999107015086,47.913000000000466
"PROFITABLE",36.96744954847054,58.60699999999997
"UNPROFITABLE",92.60389049854257,139.5689999999995
"UNPROFITABLE",89.41366654653393,86.29500000000007
"PROFITABLE",22.1445545294373,-12.695999999999913
"PROFITABLE",17.76881734226663,-1.9220000000004802
"UNPROFITABLE",39.351839100310826,85.13500000000022
"PROFITABLE",65.2599316305641,81.3109999999997
"PROFITABLE",65.82696109747485,54.84900000000016
"PROFITABLE",62.30730453632714,50.608000000000175
"UNPROFITABLE",65.80343098426602,81.53600000000006
"UNPROFITABLE",71.6878980780366,98.16799999999967
"UNPROFITABLE",82.25470863075134,113.11599999999999
"UNPROFITABLE",62.8893999924876,20.462999999999738
"UNPROFITABLE",18.79797413774395,-24.812999999998283
"PROFITABLE",-7.2307280565528345,-66.28700000000208
"UNPROFITABLE",-11.186232046269652,-28.985999999998967
"UNPROFITABLE",-68.69819860851749,-146.95400000000336
"UNPROFITABLE",-75.00543522515,-103.38799999999719
"UNPROFITABLE",-82.59502606385468,-57.14099999999962
"UNPROFITABLE",-56.925116621257985,8.94300000000112
"UNPROFITABLE",-63.09159730796091,-68.97799999999916
"PROFITABLE",-122.80819323921423,-389.887999999999
"PROFITABLE",-194.80614588740718,-355.4880000000003
"PROFITABLE",-280.9930550623103,-286.96799999999985
"PROFITABLE",-174.05169662344179,85.945999999999
"UNPROFITABLE",-38.69429214011234,128.8750000000009
"UNPROFITABLE",36.28018709981825,100.375
"UNPROFITABLE",26.73769291482222,18.646999999999935
"PROFITABLE",23.23429420303637,7.46900000000096
"UNPROFITABLE",66.63387133844208,87.22500000000036
"UNPROFITABLE",55.54325271416383,25.229999999998654
"UNPROFITABLE",41.85189644501861,11.165000000000873
"PROFITABLE",24.933715802037113,-14.902000000000044
"PROFITABLE",12.926950247645436,-8.022999999999229
"UNPROFITABLE",5.467908843465011,-11.266999999999825
"PROFITABLE",4.291525754716531,2.123999999998887
"PROFITABLE",88.41307203510314,177.65899999999783
"UNPROFITABLE",120.9429877950297,9.788000000000466
"PROFITABLE",94.1720809232047,-26.29700000000048
"PROFITABLE",73.70224802807752,-18.412000000000262
"PROFITABLE",67.07493020478978,37.25199999999859
"UNPROFITABLE",69.8080338039199,82.10700000000179
"PROFITABLE",53.53582428196205,10.824999999998909
"PROFITABLE",-11.208482810434361,-54.19599999999991
"PROFITABLE",-18.07457684489964,-48.971999999997934
"PROFITABLE",-20.358187805262787,-28.99200000000019
"UNPROFITABLE",14.5551353042556,98.46900000000096
"UNPROFITABLE",41.01011843486231,89.37099999999919
"UNPROFITABLE",41.91144437204457,33.23699999999917
"UNPROFITABLE",36.02372721349275,9.529000000000451
"UNPROFITABLE",14.827255407379198,-84.54900000000089
"PROFITABLE",-22.965207082947018,-1.8149999999986903
"UNPROFITABLE",-15.737351249683343,16.788000000000466
"UNPROFITABLE",-9.568904555573681,-7.3180000000011205
"UNPROFITABLE",-11.20892190910672,-18.588999999999942
"UNPROFITABLE",-27.351143940028123,-18.11200000000099
"UNPROFITABLE",-10.380052541157056,20.689000000000306
"UNPROFITABLE",1.5578259188223456,1.201999999999316
"UNPROFITABLE",2.0689181357502093,-24.323999999998705
"UNPROFITABLE",-5.012046537225615,-26.929000000000087
"PROFITABLE",-6.809270822441249,-11.45799999999872
"UNPROFITABLE",7.745717182900989,33.745999999999185
"UNPROFITABLE",11.677041331464352,29.368000000000393
"PROFITABLE",29.074333453294457,77.29399999999805
"PROFITABLE",130.80820302937354,194.85800000000017
"PROFITABLE",152.01636541737025,152.8780000000006
"UNPROFITABLE",118.19370599708782,65.35799999999836
"UNPROFITABLE",97.60373707243161,55.46399999999994
"PROFITABLE",47.30999206773413,11.302999999999884
"UNPROFITABLE",38.8881158658005,8.254000000000815
"UNPROFITABLE",31.822276617473108,0.02599999999802094
"UNPROFITABLE",25.771176909216592,9.68999999999869
"UNPROFITABLE",15.581399418566434,0.5730000000003201
"UNPROFITABLE",-4.3544020421159075,-40.443999999999505
"UNPROFITABLE",-20.48996530718614,-93.10000000000218
"UNPROFITABLE",-24.962836280017655,-25.140999999997803
"PROFITABLE",-37.655895607595085,-152.9300000000003
"UNPROFITABLE",-105.42546838134695,-131.76800000000367
"PROFITABLE",-89.87700709992532,7.845999999999549
"UNPROFITABLE",-25.20797759267225,69.45499999999993
"UNPROFITABLE",20.831958178017885,85.19999999999891
"PROFITABLE",15.831420641075965,-7.757000000001426
"UNPROFITABLE",14.393525979061451,7.923000000000684
"UNPROFITABLE",0.1213872567514045,-17.37199999999939
"UNPROFITABLE",-4.754146452323766,15.71900000000096
"UNPROFITABLE",2.8872573335684137,30.314000000000306
"UNPROFITABLE",0.7170287274657312,-9.048999999999069
"PROFITABLE",-2.491840764596418,-10.6299999999992
"PROFITABLE",5.393693372459893,21.98199999999997
"PROFITABLE",61.41287680349524,61.99800000000141
"PROFITABLE",129.65757859273617,175.3130000000001
"UNPROFITABLE",157.59679414978018,163.01800000000185
"PROFITABLE",120.69501798286183,61.89500000000044
"UNPROFITABLE",159.37836686957417,204.1690000000035
"PROFITABLE",160.70983236723623,150.99099999999999
"PROFITABLE",167.2031355731924,196.42299999999705
"UNPROFITABLE",186.3634745598847,272.58500000000095
"UNPROFITABLE",179.68849407508606,281.16599999999926
"PROFITABLE",200.04342165357048,248.47699999999713
"PROFITABLE",226.95527187139123,204.63100000000122
"PROFITABLE",162.46487649397022,-53.70099999999729
"PROFITABLE",131.35144440415752,-8.659000000003289
"PROFITABLE",94.19522837763361,16.077000000001135
"UNPROFITABLE",104.41921607801123,60.37200000000303
"UNPROFITABLE",50.757673572883505,-136.0849999999955
